Point,Distance (µm),Br L series
1,0.0,23749.37
2,0.0080223577235769,24071.02
3,0.0160447154471539,24159.32
4,0.0240670731707309,25443.29
5,0.0320894308943078,24526.56
6,0.0401117886178848,24972.44
7,0.0481341463414618,24224.99
8,0.0561565040650424,22728.26
9,0.0641788617886193,23744.95
10,0.0722012195121963,23594.85
11,0.0802235772357732,23975.62
12,0.0882459349593502,24629.46
13,0.0962682926829272,24201.49
14,0.104290650406504,24900.39
15,0.112313008130081,23661.44
16,0.120335365853658,24204.87
17,0.128357723577235,22389.46
18,0.136380081300812,23388.54
19,0.144402439024389,22859.6
20,0.152424796747966,23912.92
21,0.160447154471546,23962.77
22,0.168469512195123,22633.02
23,0.1764918699187,22758.23
24,0.184514227642277,23656.87
25,0.192536585365854,24128.74
26,0.200558943089431,23130.72
27,0.208581300813008,24373.38
28,0.216603658536585,23409.31
29,0.224626016260162,22945.71
30,0.232648373983739,24025.52
31,0.240670731707316,23577.15
32,0.248693089430893,22801.9
33,0.25671544715447,24070.79
34,0.264737804878051,23684.52
35,0.272760162601628,24084.79
36,0.280782520325205,24950.74
37,0.288804878048781,22099.21
38,0.296827235772358,25494.2
39,0.304849593495935,25266.67
40,0.312871951219512,23771.54
41,0.320894308943089,23929.4
42,0.328916666666666,22979.96
43,0.336939024390243,22339.45
44,0.34496138211382,22998.06
45,0.352983739837397,23064.31
46,0.361006097560974,23552.08
47,0.369028455284551,23018.27
48,0.377050813008132,23191.91
49,0.385073170731709,24880.06
50,0.393095528455286,23310.61
51,0.401117886178863,23950.46
52,0.409140243902439,23086.79
53,0.417162601626016,23716.76
54,0.425184959349593,22666.44
55,0.43320731707317,23029.77
56,0.441229674796747,23549.02
57,0.449252032520324,22374.92
58,0.457274390243901,25065.71
59,0.465296747967478,23602.37
60,0.473319105691055,22980.01
61,0.481341463414636,23018.41
62,0.489363821138213,23586.68
63,0.49738617886179,24346.27
64,0.505408536585367,22971.36
65,0.513430894308944,23578.13
66,0.521453252032521,23578.77
67,0.529475609756098,23181.86
68,0.537497967479674,22550.44
69,0.545520325203251,22667.13
70,0.553542682926828,23295.19
71,0.561565040650405,23778.63
72,0.569587398373982,23350.78
73,0.577609756097559,23478.87
74,0.58563211382114,24441.55
75,0.593654471544717,24273.42
76,0.601676829268294,23062.21
77,0.609699186991871,23842.93
78,0.617721544715448,22567.5
79,0.625743902439025,23639.3
80,0.633766260162602,23106.47
81,0.641788617886179,23577.0
82,0.649810975609756,22914.41
83,0.657833333333332,21080.4
84,0.665855691056909,23335.96
85,0.673878048780486,23011.1
86,0.681900406504063,23684.9
87,0.689922764227644,23406.86
88,0.697945121951221,23607.55
89,0.705967479674798,24536.62
90,0.713989837398375,23444.2
91,0.722012195121952,23572.46
92,0.730034552845529,22202.72
93,0.738056910569106,24933.32
94,0.746079268292683,23272.58
95,0.75410162601626,22472.76
96,0.762123983739837,23200.54
97,0.770146341463414,22798.79
98,0.778168699186991,23989.12
99,0.786191056910567,23817.94
100,0.794213414634148,22803.6
101,0.802235772357725,23761.98
102,0.810258130081302,22543.06
103,0.818280487804879,24751.23
104,0.826302845528456,24372.39
105,0.834325203252033,23664.91
106,0.84234756097561,22392.59
107,0.850369918699187,23677.51
108,0.858392276422764,24410.43
109,0.866414634146341,22928.79
110,0.874436991869918,23966.05
111,0.882459349593495,22555.85
112,0.890481707317072,23576.18
113,0.898504065040649,24212.89
114,0.906526422764229,24111.89
115,0.914548780487806,22941.21
116,0.922571138211383,23530.87
117,0.93059349593496,24116.58
118,0.938615853658537,24169.15
119,0.946638211382114,22915.08
120,0.954660569105691,22930.59
121,0.962682926829268,22840.31
122,0.970705284552845,22619.02
123,0.978727642276422,22726.69
124,0.986749999999999,23156.88
125,0.994772357723576,22714.92
126,1.00279471544715,23276.56
127,1.01081707317073,22038.99
128,1.01883943089431,22726.3
129,1.02686178861789,22794.06
130,1.03488414634146,23549.78
131,1.04290650406504,22981.92
132,1.05092886178862,23456.18
133,1.0589512195122,22829.11
134,1.06697357723577,23308.46
135,1.07499593495935,22692.47
136,1.08301829268293,23982.14
137,1.0910406504065,23544.87
138,1.09906300813008,23347.59
139,1.10708536585366,22385.02
140,1.11510772357724,22553.89
141,1.12313008130081,22674.94
142,1.13115243902439,22098.79
143,1.13917479674797,23441.44
144,1.14719715447155,23323.61
145,1.15521951219512,22820.15
146,1.1632418699187,22630.43
147,1.17126422764228,22430.53
148,1.17928658536585,22877.87
149,1.18730894308943,23579.54
150,1.19533130081301,22569.86
151,1.20335365853658,22477.88
152,1.21137601626016,23674.14
153,1.21939837398374,23373.25
154,1.22742073170732,23130.31
155,1.2354430894309,23419.12
156,1.24346544715447,23508.32
157,1.25148780487805,23740.83
158,1.25951016260163,23560.36
159,1.2675325203252,23291.59
160,1.27555487804878,22537.01
161,1.28357723577236,24043.49
162,1.29159959349593,22919.28
163,1.29962195121951,23875.43
164,1.30764430894309,22776.52
165,1.31566666666667,22502.53
166,1.32368902439025,22964.96
167,1.33171138211382,21736.69
168,1.3397337398374,23016.29
169,1.34775609756098,24006.97
170,1.35577845528455,22998.35
171,1.36380081300813,23743.39
172,1.37182317073171,22925.83
173,1.37984552845528,22668.57
174,1.38786788617886,22860.81
175,1.39589024390244,22256.79
176,1.40391260162602,22643.59
177,1.41193495934959,22463.83
178,1.41995731707317,21658.41
179,1.42797967479675,23475.4
180,1.43600203252033,23716.32
181,1.4440243902439,23497.69
182,1.45204674796748,23332.47
183,1.46006910569106,23152.55
184,1.46809146341463,23336.53
185,1.47611382113821,22078.44
186,1.48413617886179,22815.82
187,1.49215853658537,22477.23
188,1.50018089430894,23749.33
189,1.50820325203252,22981.38
190,1.5162256097561,22129.8
191,1.52424796747967,23271.53
192,1.53227032520325,22712.5
193,1.54029268292683,22590.71
194,1.54831504065041,22924.58
195,1.55633739837398,22468.51
196,1.56435975609756,23433.96
197,1.57238211382114,22985.87
198,1.58040447154472,22325.29
199,1.58842682926829,22056.76
200,1.59644918699187,22313.03
201,1.60447154471545,23062.44
202,1.61249390243902,22793.25
203,1.6205162601626,21594.17
204,1.62853861788618,21932.37
205,1.63656097560976,21547.02
206,1.64458333333333,22441.81
207,1.65260569105691,23117.73
208,1.66062804878049,22836.14
209,1.66865040650407,24689.36
210,1.67667276422764,23433.1
211,1.68469512195122,22063.55
212,1.6927174796748,21167.38
213,1.70073983739837,22930.58
214,1.70876219512195,22026.6
215,1.71678455284553,21476.6
216,1.7248069105691,22520.11
217,1.73282926829268,21856.04
218,1.74085162601626,21584.27
219,1.74887398373984,21770.46
220,1.75689634146342,23451.52
221,1.76491869918699,22654.03
222,1.77294105691057,22858.71
223,1.78096341463415,21558.84
224,1.78898577235772,21865.94
225,1.7970081300813,22724.57
226,1.80503048780488,23154.18
227,1.81305284552845,22767.46
228,1.82107520325203,22083.46
229,1.82909756097561,23746.62
230,1.83711991869919,21454.03
231,1.84514227642276,20931.22
232,1.85316463414634,21783.98
233,1.86118699186992,21457.82
234,1.8692093495935,21830.3
235,1.87723170731707,23128.25
236,1.88525406504065,22449.29
237,1.89327642276423,22234.5
238,1.9012987804878,22771.09
239,1.90932113821138,21372.25
240,1.91734349593496,22494.74
241,1.92536585365854,22305.45
242,1.93338821138211,22351.73
243,1.94141056910569,22332.66
244,1.94943292682927,22256.44
245,1.95745528455285,21941.19
246,1.96547764227642,21510.12
247,1.9735,22705.87
248,1.98152235772358,21423.78
249,1.98954471544715,21234.8
250,1.99756707317073,21837.89
251,2.00558943089431,21914.13
252,2.01361178861789,21864.63
253,2.02163414634146,21740.17
254,2.02965650406504,21965.49
255,2.03767886178862,21945.84
256,2.04570121951219,22194.39
257,2.05372357723577,20566.07
258,2.06174593495935,21683.84
259,2.06976829268293,21097.02
260,2.0777906504065,21023.0
261,2.08581300813008,21215.15
262,2.09383536585366,20896.77
263,2.10185772357724,20731.67
264,2.10988008130081,22070.03
265,2.11790243902439,21847.46
266,2.12592479674797,21166.95
267,2.13394715447154,21119.98
268,2.14196951219512,20344.42
269,2.1499918699187,20991.68
270,2.15801422764227,20836.79
271,2.16603658536585,20830.91
272,2.17405894308943,21865.25
273,2.18208130081301,20371.1
274,2.19010365853659,20358.47
275,2.19812601626016,21953.0
276,2.20614837398374,20739.46
277,2.21417073170732,21314.54
278,2.22219308943089,20919.65
279,2.23021544715447,21572.11
280,2.23823780487805,20606.59
281,2.24626016260163,21610.76
282,2.2542825203252,19627.07
283,2.26230487804878,19774.41
284,2.27032723577236,20765.89
285,2.27834959349594,22156.19
286,2.28637195121951,20962.02
287,2.29439430894309,20889.93
288,2.30241666666667,19952.17
289,2.31043902439024,21600.16
290,2.31846138211382,20051.12
291,2.3264837398374,20150.09
292,2.33450609756098,21171.32
293,2.34252845528455,20854.11
294,2.35055081300813,20706.26
295,2.35857317073171,20948.83
296,2.36659552845528,20644.9
297,2.37461788617886,20363.3
298,2.38264024390244,21277.05
299,2.39066260162602,20733.16
300,2.39868495934959,20545.11
301,2.40670731707317,22165.57
302,2.41472967479675,20370.48
303,2.42275203252033,20347.59
304,2.4307743902439,19934.52
305,2.43879674796748,21649.63
306,2.44681910569106,22052.52
307,2.45484146341463,20732.22
308,2.46286382113821,20859.08
309,2.47088617886179,21545.75
310,2.47890853658536,21816.46
311,2.48693089430894,21907.9
312,2.49495325203252,20280.5
313,2.5029756097561,21363.83
314,2.51099796747968,22179.57
315,2.51902032520325,21442.22
316,2.52704268292683,20629.02
317,2.53506504065041,19857.58
318,2.54308739837398,20615.08
319,2.55110975609756,21941.1
320,2.55913211382114,20152.72
321,2.56715447154471,21315.08
322,2.57517682926829,21324.16
323,2.58319918699187,21986.38
324,2.59122154471545,21832.01
325,2.59924390243903,20173.51
326,2.6072662601626,21468.66
327,2.61528861788618,20890.07
328,2.62331097560976,21840.56
329,2.63133333333333,21480.29
330,2.63935569105691,20826.75
331,2.64737804878049,20796.08
332,2.65540040650406,21700.84
333,2.66342276422764,20491.97
334,2.67144512195122,19198.94
335,2.6794674796748,20719.31
336,2.68748983739837,22074.84
337,2.69551219512195,20066.96
338,2.70353455284553,19817.59
339,2.71155691056911,19917.6
340,2.71957926829268,20666.46
341,2.72760162601626,20850.4
342,2.73562398373984,21515.64
343,2.74364634146341,20444.04
344,2.75166869918699,19230.76
345,2.75969105691057,19544.31
346,2.76771341463415,18360.95
347,2.77573577235772,19777.48
348,2.7837581300813,19759.73
349,2.79178048780488,19564.0
350,2.79980284552846,20189.55
351,2.80782520325203,17905.97
352,2.81584756097561,18115.61
353,2.82386991869919,18912.16
354,2.83189227642277,19289.23
355,2.83991463414634,18930.92
356,2.84793699186992,18659.41
357,2.8559593495935,18454.49
358,2.86398170731707,18551.53
359,2.87200406504065,17257.31
360,2.88002642276423,19192.35
361,2.8880487804878,17558.83
362,2.89607113821138,17590.4
363,2.90409349593496,18332.65
364,2.91211585365854,18684.44
365,2.92013821138212,17438.36
366,2.92816056910569,17583.99
367,2.93618292682927,18864.58
368,2.94420528455285,18361.84
369,2.95222764227642,18351.54
370,2.96025,18211.03
371,2.96827235772358,18406.39
372,2.97629471544715,18227.46
373,2.98431707317073,18857.24
374,2.99233943089431,18066.53
375,3.00036178861788,17880.29
376,3.00838414634147,17633.32
377,3.01640650406504,16994.8
378,3.02442886178862,17114.95
379,3.0324512195122,17837.99
380,3.04047357723577,17800.19
381,3.04849593495935,17425.18
382,3.05651829268293,18474.67
383,3.0645406504065,17090.54
384,3.07256300813008,16286.08
385,3.08058536585366,18470.08
386,3.08860772357723,16687.26
387,3.09663008130081,16463.46
388,3.10465243902439,15453.67
389,3.11267479674797,15934.48
390,3.12069715447155,16581.41
391,3.12871951219512,16953.5
392,3.1367418699187,15574.38
393,3.14476422764228,15560.68
394,3.15278658536585,14811.56
395,3.16080894308943,15721.55
396,3.16883130081301,15670.13
397,3.17685365853658,15469.69
398,3.18487601626016,15594.09
399,3.19289837398374,16339.23
400,3.20092073170732,15013.38
401,3.20894308943089,14595.6
402,3.21696544715447,13754.11
403,3.22498780487805,15181.92
404,3.23301016260163,13551.15
405,3.2410325203252,13933.63
406,3.24905487804878,13020.02
407,3.25707723577236,11828.45
408,3.26509959349594,11849.96
409,3.27312195121951,12388.13
410,3.28114430894309,12458.91
411,3.28916666666667,11510.17
412,3.29718902439024,9826.953
413,3.30521138211382,11436.38
414,3.3132337398374,9852.633
415,3.32125609756098,9641.552
416,3.32927845528455,9358.706
417,3.33730081300813,8324.741
418,3.34532317073171,8933.965
419,3.35334552845529,8785.213
420,3.36136788617886,8102.915
421,3.36939024390244,8126.04
422,3.37741260162602,7448.19
423,3.38543495934959,7191.621
424,3.39345731707317,7587.339
425,3.40147967479675,7069.636
426,3.40950203252032,7086.624
427,3.4175243902439,5892.857
428,3.42554674796748,6837.127
429,3.43356910569105,7012.975
430,3.44159146341464,6905.317
431,3.44961382113821,5987.657
432,3.45763617886179,5992.86
433,3.46565853658537,6593.281
434,3.47368089430894,6077.647
435,3.48170325203252,6657.076
436,3.4897256097561,5282.926
437,3.49774796747967,5284.669
438,3.50577032520325,6132.074
439,3.51379268292683,6166.304
440,3.52181504065041,5683.645
441,3.52983739837398,5457.92
442,3.53785975609756,5311.043
443,3.54588211382114,5058.722
444,3.55390447154472,4758.613
445,3.56192682926829,5134.892
446,3.56994918699187,4747.239
447,3.57797154471545,5624.01
448,3.58599390243902,5397.982
449,3.5940162601626,5065.1
450,3.60203861788618,4968.283
451,3.61006097560976,5108.175
452,3.61808333333333,4654.31
453,3.62610569105691,5063.276
454,3.63412804878049,4407.04
455,3.64215040650406,4106.642
456,3.65017276422764,4775.41
457,3.65819512195122,4362.808
458,3.6662174796748,4309.36
459,3.67423983739837,4101.087
460,3.68226219512195,3906.918
461,3.69028455284553,4177.366
462,3.69830691056911,3481.238
463,3.70632926829268,4042.014
464,3.71435162601626,4600.548
465,3.72237398373984,4238.177
466,3.73039634146341,3834.573
467,3.73841869918699,4282.005
468,3.74644105691057,3939.202
469,3.75446341463415,4135.766
470,3.76248577235772,3378.52
471,3.7705081300813,4234.159
472,3.77853048780488,4167.136
473,3.78655284552846,3840.203
474,3.79457520325203,3377.192
475,3.80259756097561,3856.112
476,3.81061991869919,4303.627
477,3.81864227642276,3702.737
478,3.82666463414634,3835.087
479,3.83468699186992,3635.668
480,3.84270934959349,3281.647
481,3.85073170731707,3149.771
482,3.85875406504065,2956.422
483,3.86677642276423,3179.276
484,3.87479878048781,2996.344
485,3.88282113821138,3215.25
486,3.89084349593496,2767.614
487,3.89886585365854,3233.144
488,3.90688821138211,2958.842
489,3.91491056910569,3111.714
490,3.92293292682927,3297.834
491,3.93095528455284,3139.666
492,3.93897764227642,3142.769
493,3.947,3265.996
494,3.95502235772358,3059.848
495,3.96304471544716,2899.283
496,3.97106707317073,3113.443
497,3.97908943089431,3112.388
498,3.98711178861789,2714.893
499,3.99513414634146,3157.615
500,4.00315650406504,2462.128
501,4.01117886178862,2952.465
502,4.01920121951219,2910.943
503,4.02722357723577,2680.176
504,4.03524593495935,2871.394
505,4.04326829268293,2670.525
506,4.0512906504065,2609.983
507,4.05931300813008,1797.931
508,4.06733536585366,2897.559
509,4.07535772357723,2759.122
510,4.08338008130081,2162.278
511,4.09140243902439,3048.656
512,4.09942479674797,2255.272
513,4.10744715447155,2793.327
514,4.11546951219512,2726.767
515,4.1234918699187,2318.7
516,4.13151422764228,2334.309
517,4.13953658536585,2200.271
518,4.14755894308943,1979.579
519,4.15558130081301,2125.52
520,4.16360365853658,1980.281
521,4.17162601626016,1861.018
522,4.17964837398374,2095.986
523,4.18767073170732,2428.912
524,4.1956930894309,2231.891
525,4.20371544715447,2038.316
526,4.21173780487805,1419.338
527,4.21976016260163,2565.66
528,4.2277825203252,1405.617
529,4.23580487804878,1807.082
530,4.24382723577236,2334.249
531,4.25184959349593,2165.854
532,4.25987195121951,2438.061
533,4.26789430894309,2044.601
534,4.27591666666667,1767.747
535,4.28393902439024,1987.874
536,4.29196138211382,1516.118
537,4.2999837398374,1722.434
538,4.30800609756098,2037.682
539,4.31602845528455,1739.971
540,4.32405081300813,1635.166
541,4.33207317073171,2036.348
542,4.34009552845528,2204.122
543,4.34811788617886,1631.597
544,4.35614024390244,1300.429
545,4.36416260162602,1471.05
546,4.37218495934959,1162.14
547,4.38020731707317,1284.905
548,4.38822967479675,1345.932
549,4.39625203252033,1977.604
550,4.4042743902439,1689.148
551,4.41229674796748,1945.698
552,4.42031910569106,1506.383
553,4.42834146341463,1391.521
554,4.43636382113821,1591.863
555,4.44438617886179,1200.451
556,4.45240853658537,1861.856
557,4.46043089430894,873.7913
558,4.46845325203252,1328.36
559,4.4764756097561,1634.392
560,4.48449796747967,1389.446
561,4.49252032520325,1450.523
562,4.50054268292683,1381.021
563,4.50856504065041,1105.017
564,4.51658739837398,1547.77
565,4.52460975609756,1373.199
566,4.53263211382114,1057.111
567,4.54065447154472,1849.13
568,4.54867682926829,1576.326
569,4.55669918699187,1055.903
570,4.56472154471545,886.8654
571,4.57274390243902,1530.214
572,4.5807662601626,929.3062
573,4.58878861788618,687.3438
574,4.59681097560975,935.5934
575,4.60483333333334,1223.454
576,4.61285569105691,1112.892
577,4.62087804878049,1084.659
578,4.62890040650407,1258.067
579,4.63692276422764,1063.801
580,4.64494512195122,834.0638
581,4.6529674796748,978.2391
582,4.66098983739837,418.563
583,4.66901219512195,930.232
584,4.67703455284553,948.4493
585,4.6850569105691,999.5619
586,4.69307926829269,1255.841
587,4.70110162601626,1004.918
588,4.70912398373984,918.5013
589,4.71714634146342,704.1715
590,4.72516869918699,1355.072
591,4.73319105691057,769.9719
592,4.74121341463415,527.6642
593,4.74923577235772,1072.942
594,4.7572581300813,821.6285
595,4.76528048780488,909.1713
596,4.77330284552845,632.4751
597,4.78132520325203,709.817
598,4.78934756097561,819.1108
599,4.79736991869919,937.0621
600,4.80539227642276,417.7629
601,4.81341463414634,584.173
602,4.82143699186992,1114.617
603,4.8294593495935,899.5151
604,4.83748170731707,529.6038
605,4.84550406504065,553.1382
606,4.85352642276423,989.0333
607,4.86154878048781,764.9503
608,4.86957113821138,666.541
609,4.87759349593496,470.3539
610,4.88561585365854,1057.785
611,4.89363821138211,851.928
612,4.90166056910569,874.0629
613,4.90968292682927,721.9229
614,4.91770528455285,517.1769
615,4.92572764227642,443.8167
616,4.93375,834.8054
617,4.94177235772358,729.1932
618,4.94979471544715,511.9726
619,4.95781707317073,444.5311
620,4.96583943089431,384.9112
621,4.97386178861789,620.2368
622,4.98188414634146,580.785
623,4.98990650406504,611.5948
624,4.99792886178862,470.9267
625,5.0059512195122,328.7489
626,5.01397357723577,554.3533
627,5.02199593495935,424.9728
628,5.03001829268292,475.4948
629,5.03804065040651,397.2637
630,5.04606300813008,298.5548
631,5.05408536585366,763.3406
632,5.06210772357724,559.2378
633,5.07013008130081,232.3741
634,5.07815243902439,606.919
635,5.08617479674797,280.7767
636,5.09419715447154,671.7397
637,5.10221951219512,278.0959
638,5.1102418699187,38.17371
639,5.11826422764227,328.1728
640,5.12628658536586,91.17902
641,5.13430894308943,604.0188
642,5.14233130081301,464.5152
643,5.15035365853659,296.8405
644,5.15837601626016,127.232
645,5.16639837398374,598.2289
646,5.17442073170732,93.89579
647,5.18244308943089,113.1044
648,5.19046544715447,422.4416
649,5.19848780487805,566.5568
650,5.20651016260163,515.1797
651,5.2145325203252,180.7734
652,5.22255487804878,309.1855
653,5.23057723577236,221.3968
654,5.23859959349593,231.3452
655,5.24662195121951,344.6287
656,5.25464430894309,131.5878
657,5.26266666666667,612.4893
658,5.27068902439024,210.768
659,5.27871138211382,153.7463
660,5.2867337398374,-41.95807
661,5.29475609756097,570.8729
662,5.30277845528455,690.0506
663,5.31080081300813,634.8929
664,5.31882317073171,120.4926
665,5.32684552845528,258.2547
666,5.33486788617886,345.9705
667,5.34289024390244,328.8718
668,5.35091260162602,549.7592
669,5.3589349593496,511.0573
670,5.36695731707317,-102.3301
671,5.37497967479675,387.8127
672,5.38300203252033,397.1931
673,5.3910243902439,375.4002
674,5.39904674796748,132.2087
675,5.40706910569106,-79.494
676,5.41509146341463,277.7694
677,5.42311382113821,498.035
678,5.43113617886179,85.2743
679,5.43915853658537,403.6465
680,5.44718089430894,-46.41832
681,5.45520325203252,239.0761
682,5.46322560975609,197.1151
683,5.47124796747968,108.3335
684,5.47927032520325,-82.62964
685,5.48729268292683,270.0088
686,5.49531504065041,175.8778
687,5.50333739837398,437.8925
688,5.51135975609756,221.8176
689,5.51938211382114,96.32441
690,5.52740447154471,284.5628
691,5.53542682926829,418.5108
692,5.54344918699187,256.2505
693,5.55147154471545,369.96
694,5.55949390243903,362.3591
695,5.5675162601626,118.4085
696,5.57553861788618,-42.30771
697,5.58356097560976,379.032
698,5.59158333333333,165.0036
699,5.59960569105691,396.8208
700,5.60762804878049,235.0652
701,5.61565040650406,431.4518
702,5.62367276422764,-118.799
703,5.63169512195122,330.4823
704,5.6397174796748,86.64188
705,5.64773983739837,171.5859
706,5.65576219512195,92.6431
707,5.66378455284553,54.00654
708,5.67180691056911,421.4047
709,5.67982926829268,-172.6179
710,5.68785162601626,211.328
711,5.69587398373984,272.894
712,5.70389634146342,126.389
713,5.71191869918699,343.6959
714,5.71994105691057,-1.910935
715,5.72796341463415,-16.88938
716,5.73598577235772,105.7935
717,5.7440081300813,149.769
718,5.75203048780488,193.3102
719,5.76005284552845,-154.3507
720,5.76807520325203,378.293
721,5.77609756097561,-177.0412
722,5.78411991869919,-267.3524
723,5.79214227642276,-43.28024
724,5.80016463414634,54.13062
725,5.80818699186992,366.5118
726,5.8162093495935,396.264
727,5.82423170731707,522.1908
728,5.83225406504065,163.2255
729,5.84027642276423,-25.22573
730,5.8482987804878,265.3384
731,5.85632113821138,238.5043
732,5.86434349593496,55.92313
733,5.87236585365854,469.036
734,5.88038821138212,274.6301
735,5.88841056910569,184.6283
736,5.89643292682927,239.4608
737,5.90445528455285,268.1078
738,5.91247764227642,-306.3657
739,5.9205,111.6181
740,5.92852235772358,42.20117
741,5.93654471544715,158.9224
742,5.94456707317073,-117.0817
743,5.95258943089431,206.3888
744,5.96061178861788,9.365229
745,5.96863414634146,80.15027
746,5.97665650406504,-120.5291
747,5.98467886178862,247.8042
748,5.9927012195122,189.71
749,6.00072357723577,181.1396
750,6.00874593495935,399.0131
751,6.01676829268293,496.9491
752,6.0247906504065,36.52686
753,6.03281300813008,-37.58084
754,6.04083536585366,46.33722
755,6.04885772357724,249.8008
756,6.05688008130081,123.9022
757,6.06490243902439,384.185
758,6.07292479674797,333.3702
759,6.08094715447155,320.653
760,6.08896951219512,-78.83186
761,6.0969918699187,223.205
762,6.10501422764228,363.2742
763,6.11303658536585,-145.64
764,6.12105894308943,-148.1139
765,6.12908130081301,69.15659
766,6.13710365853659,-12.69
767,6.14512601626016,245.2938
768,6.15314837398374,290.9466
769,6.16117073170732,124.3302
770,6.1691930894309,78.47118
771,6.17721544715447,219.6333
772,6.18523780487805,-141.3413
773,6.19326016260162,204.5886
774,6.2012825203252,437.2257
775,6.20930487804878,61.72251
776,6.21732723577236,135.6205
777,6.22534959349594,-44.72425
778,6.23337195121951,269.8316
779,6.24139430894309,160.2848
780,6.24941666666667,125.5204
781,6.25743902439024,34.34436
782,6.26546138211382,106.6693
783,6.2734837398374,173.065
784,6.28150609756097,-319.5927
785,6.28952845528455,200.045
786,6.29755081300813,501.1265
787,6.30557317073171,118.6083
788,6.31359552845529,-52.77337
789,6.32161788617886,200.3022
790,6.32964024390244,-470.9473
791,6.33766260162602,-109.3646
792,6.34568495934959,357.9009
793,6.35370731707317,-179.0559
794,6.36172967479675,-284.8179
795,6.36975203252032,121.088
796,6.3777743902439,283.5377
797,6.38579674796748,200.3864
798,6.39381910569106,-19.62276
799,6.40184146341463,40.31959
800,6.40986382113821,-79.92045
801,6.41788617886179,108.0255
802,6.42590853658537,-3.874021
803,6.43393089430894,-470.6175
804,6.44195325203252,157.7998
805,6.4499756097561,-328.54
806,6.45799796747967,86.95167
807,6.46602032520325,-10.64859
808,6.47404268292683,-225.4159
809,6.48206504065041,300.7898
810,6.49008739837398,131.5153
811,6.49810975609756,95.44367
812,6.50613211382114,229.1506
813,6.51415447154472,123.7682
814,6.52217682926829,-538.5778
815,6.53019918699187,240.6622
816,6.53822154471545,-291.6383
817,6.54624390243902,12.52729
818,6.5542662601626,-205.2751
819,6.56228861788618,191.4364
820,6.57031097560976,233.2193
821,6.57833333333333,312.3166
822,6.58635569105691,-111.4621
823,6.59437804878049,225.7209
824,6.60240040650406,102.8042
825,6.61042276422764,129.7272
826,6.61844512195122,169.1141
827,6.6264674796748,63.69199
828,6.63448983739837,471.5738
829,6.64251219512195,-143.4116
830,6.65053455284553,347.1204
831,6.65855691056911,332.8675
832,6.66657926829268,329.6963
833,6.67460162601626,501.0576
834,6.68262398373984,-73.69935
835,6.69064634146341,255.201
836,6.69866869918699,-42.70602
837,6.70669105691057,146.2892
838,6.71471341463414,131.3839
839,6.72273577235773,-22.85895
840,6.7307581300813,115.8877
841,6.73878048780488,41.92247
842,6.74680284552846,-261.3303
843,6.75482520325203,-52.90499
844,6.76284756097561,229.9643
845,6.77086991869919,166.2023
846,6.77889227642276,383.8563
847,6.78691463414634,447.3433
848,6.79493699186992,194.4389
849,6.8029593495935,258.8646
850,6.81098170731708,201.3982
851,6.81900406504065,98.28136
852,6.82702642276423,172.1319
853,6.83504878048781,22.86558
854,6.84307113821138,52.0599
855,6.85109349593496,-23.21667
856,6.85911585365854,33.8894
857,6.86713821138211,-18.64652
858,6.87516056910569,-67.54461
859,6.88318292682927,28.32389
860,6.89120528455284,101.7176
861,6.89922764227642,-70.18999
862,6.90725,-259.8192
863,6.91527235772358,24.64
864,6.92329471544715,-380.7894
865,6.93131707317073,-22.6242
866,6.93933943089431,-259.7888
867,6.94736178861789,53.2365
868,6.95538414634146,8.25235
869,6.96340650406504,25.39206
870,6.97142886178862,174.8965
871,6.9794512195122,-91.22881
872,6.98747357723577,346.9499
873,6.99549593495935,-89.3234
874,7.00351829268293,103.1932
875,7.0115406504065,103.5218
876,7.01956300813008,-165.5637
877,7.02758536585366,471.934
878,7.03560772357724,23.19878
879,7.04363008130081,29.97773
880,7.05165243902439,128.2941
881,7.05967479674797,-5.896626
882,7.06769715447155,411.6562
883,7.07571951219512,237.9997
884,7.0837418699187,118.6898
885,7.09176422764228,153.5156
886,7.09978658536585,-79.84644
887,7.10780894308943,-84.15055
888,7.11583130081301,82.26783
889,7.12385365853659,-180.1532
890,7.13187601626016,56.20986
891,7.13989837398374,118.2409
892,7.14792073170732,-114.8842
893,7.1559430894309,210.7429
894,7.16396544715447,175.9325
895,7.17198780487805,178.6014
896,7.18001016260163,81.10586
897,7.1880325203252,-138.5131
898,7.19605487804878,81.86134
899,7.20407723577236,30.65915
900,7.21209959349593,180.3046
901,7.22012195121951,-15.37586
902,7.22814430894309,304.6944
903,7.23616666666666,-245.4942
904,7.24418902439025,-299.205
905,7.25221138211382,-165.0196
906,7.2602337398374,13.50914
907,7.26825609756097,-338.9726
908,7.27627845528455,193.6239
909,7.28430081300813,-252.1673
910,7.29232317073171,-9.746213
911,7.30034552845528,33.4398
912,7.30836788617886,256.708
913,7.31639024390244,-111.4176
914,7.32441260162602,-230.4446
915,7.33243495934959,49.02629
916,7.34045731707317,366.4049
917,7.34847967479675,-287.9461
918,7.35650203252033,16.39951
919,7.3645243902439,97.14935
920,7.37254674796748,-63.72776
921,7.38056910569106,-70.20703
922,7.38859146341463,-221.7633
923,7.39661382113821,-40.37673
924,7.40463617886179,219.2031
925,7.41265853658537,-331.0845
926,7.42068089430894,92.52586
927,7.42870325203252,153.7686
928,7.4367256097561,-311.4634
929,7.44474796747967,307.6492
930,7.45277032520325,140.3329
931,7.46079268292683,-43.88306
932,7.46881504065041,97.12065
933,7.47683739837399,-5.737947
934,7.48485975609756,184.4698
935,7.49288211382114,50.57892
936,7.50090447154472,-73.43789
937,7.50892682926829,76.41699
938,7.51694918699187,-46.78084
939,7.52497154471545,60.78537
940,7.53299390243902,-103.4844
941,7.5410162601626,-21.54018
942,7.54903861788618,290.2263
943,7.55706097560976,80.74075
944,7.56508333333333,659.8379
945,7.57310569105691,164.3034
946,7.58112804878049,-118.8214
947,7.58915040650407,-31.59552
948,7.59717276422764,145.848
949,7.60519512195122,265.1387
950,7.6132174796748,300.0858
951,7.62123983739837,138.9676
952,7.62926219512195,-1.535219
953,7.63728455284553,20.65593
954,7.64530691056911,-241.0871
955,7.65332926829268,57.96441
956,7.66135162601626,22.543
957,7.66937398373984,90.33403
958,7.67739634146342,261.2466
959,7.68541869918699,-27.66632
960,7.69344105691057,43.74638
961,7.70146341463415,141.1182
962,7.70948577235772,-186.8912
963,7.7175081300813,-11.44633
964,7.72553048780488,332.5457
965,7.73355284552845,310.6092
966,7.74157520325203,31.73977
967,7.74959756097561,28.37829
968,7.75761991869919,-93.03674
969,7.76564227642277,-219.8799
970,7.77366463414634,10.59994
971,7.78168699186992,-23.23772
972,7.7897093495935,-142.7947
973,7.79773170731707,178.6137
974,7.80575406504065,101.9593
975,7.81377642276423,-60.95868
976,7.8217987804878,-37.22625
977,7.82982113821138,230.1857
978,7.83784349593496,-163.7057
979,7.84586585365853,400.2052
980,7.85388821138211,-65.62162
981,7.86191056910569,188.2655
982,7.86993292682927,195.6154
983,7.87795528455284,85.43573
984,7.88597764227642,99.79877
985,7.894,164.5407
986,7.90202235772358,-169.7872
987,7.91004471544715,-196.1311
988,7.91806707317073,133.1611
989,7.92608943089431,130.8347
990,7.93411178861789,-123.986
991,7.94213414634146,-125.9421
992,7.95015650406504,-107.8148
993,7.95817886178862,319.7853
994,7.96620121951219,26.45306
995,7.97422357723577,51.26832
996,7.98224593495935,86.41132
997,7.99026829268293,293.0966
998,7.9982906504065,28.11035
999,8.00631300813008,123.8732
1000,8.01433536585366,-30.78844
1001,8.02235772357724,-26.61914
1002,8.03038008130081,-122.0942
1003,8.03840243902439,-51.27848
1004,8.04642479674797,344.7841
1005,8.05444715447154,177.6123
1006,8.06246951219512,-148.2568
1007,8.0704918699187,249.482
1008,8.07851422764228,-377.2268
1009,8.08653658536585,354.1558
1010,8.09455894308943,188.2725
1011,8.10258130081301,-43.52168
1012,8.11060365853659,158.1657
1013,8.11862601626016,361.7334
1014,8.12664837398374,583.0064
1015,8.13467073170732,82.92625
1016,8.14269308943089,357.9889
1017,8.15071544715447,64.50515
1018,8.15873780487805,146.8214
1019,8.16676016260162,50.34545
1020,8.1747825203252,342.2741
1021,8.18280487804878,-27.50286
1022,8.19082723577236,-85.02011
1023,8.19884959349594,103.4967
1024,8.20687195121951,-12.01975
1025,8.21489430894309,-190.399
1026,8.22291666666666,-234.6203
1027,8.23093902439024,-38.50799
1028,8.23896138211382,373.7128
1029,8.2469837398374,463.2303
1030,8.25500609756098,404.4186
1031,8.26302845528455,-230.1013
1032,8.27105081300813,-28.74123
1033,8.27907317073171,-151.4223
1034,8.28709552845529,-61.08117
1035,8.29511788617886,-173.6926
1036,8.30314024390244,56.09208
1037,8.31116260162602,323.9023
1038,8.3191849593496,-268.7944
1039,8.32720731707317,376.2268
1040,8.33522967479675,313.7154
1041,8.34325203252032,164.9048
1042,8.3512743902439,36.10229
1043,8.35929674796748,-83.39023
1044,8.36731910569106,129.1457
1045,8.37534146341463,352.2591
1046,8.38336382113821,379.647
1047,8.39138617886179,47.61179
1048,8.39940853658536,392.6265
1049,8.40743089430894,103.1164
1050,8.41545325203252,-16.03296
1051,8.4234756097561,79.42237
1052,8.43149796747968,-34.51539
1053,8.43952032520325,-69.19192
1054,8.44754268292683,120.326
1055,8.45556504065041,-102.9398
1056,8.46358739837398,-118.3511
1057,8.47160975609756,-53.15979
1058,8.47963211382114,26.14717
1059,8.48765447154471,275.8803
1060,8.49567682926829,175.5031
1061,8.50369918699187,27.54951
1062,8.51172154471545,233.1015
1063,8.51974390243902,-158.8428
1064,8.5277662601626,71.29504
1065,8.53578861788618,165.9445
1066,8.54381097560976,336.9673
1067,8.55183333333333,-89.78655
1068,8.55985569105691,180.6022
1069,8.56787804878049,124.7039
1070,8.57590040650406,13.70687
1071,8.58392276422764,73.98005
1072,8.59194512195122,-133.006
1073,8.5999674796748,163.6394
1074,8.60798983739837,-47.86781
1075,8.61601219512195,121.0874
1076,8.62403455284553,134.9086
1077,8.63205691056911,-176.1099
1078,8.64007926829268,36.91946
1079,8.64810162601626,-152.1039
1080,8.65612398373984,27.84145
1081,8.66414634146341,161.104
1082,8.67216869918699,-61.23878
1083,8.68019105691057,143.7966
1084,8.68821341463415,132.2402
1085,8.69623577235772,20.83594
1086,8.7042581300813,-49.76118
1087,8.71228048780488,-217.5051
1088,8.72030284552846,132.4223
1089,8.72832520325203,140.8506
1090,8.73634756097561,274.7272
1091,8.74436991869919,114.071
1092,8.75239227642276,-121.4286
1093,8.76041463414634,270.3602
1094,8.76843699186992,-165.5536
1095,8.77645934959349,61.71749
1096,8.78448170731707,0.1936262
1097,8.79250406504065,260.8009
1098,8.80052642276423,-13.48741
1099,8.80854878048781,-5.393231
1100,8.81657113821138,355.6664
1101,8.82459349593496,-111.167
1102,8.83261585365853,-3.034529
1103,8.84063821138211,-65.4467
1104,8.84866056910569,168.7818
1105,8.85668292682927,-101.7676
1106,8.86470528455285,-74.0349
1107,8.87272764227642,150.9315
1108,8.88075,433.316
1109,8.88877235772358,124.6598
1110,8.89679471544715,89.73074
1111,8.90481707317073,291.7434
1112,8.91283943089431,86.05653
1113,8.92086178861788,310.4074
1114,8.92888414634147,-19.08561
1115,8.93690650406504,133.5476
1116,8.94492886178862,293.2313
1117,8.95295121951219,337.1827
1118,8.96097357723577,469.2667
1119,8.96899593495935,3.486429
1120,8.97701829268293,-137.0907
1121,8.98504065040651,336.3681
1122,8.99306300813008,387.1675
1123,9.00108536585366,84.48676
1124,9.00910772357724,-257.0894
1125,9.01713008130081,23.02801
1126,9.02515243902439,-12.12189
1127,9.03317479674797,80.54708
1128,9.04119715447154,276.6273
1129,9.04921951219512,-21.41618
1130,9.0572418699187,-232.863
1131,9.06526422764228,254.9004
1132,9.07328658536585,-13.7839
1133,9.08130894308943,80.54681
1134,9.08933130081301,83.9309
1135,9.09735365853659,-27.94374
1136,9.10537601626016,92.88618
1137,9.11339837398374,243.8995
1138,9.12142073170732,182.9938
1139,9.12944308943089,153.261
1140,9.13746544715447,-9.29508
1141,9.14548780487805,139.1061
1142,9.15351016260163,82.1602
1143,9.1615325203252,131.2979
1144,9.16955487804878,120.3904
1145,9.17757723577236,154.7675
1146,9.18559959349593,80.27609
1147,9.19362195121951,108.2735
1148,9.20164430894309,143.4588
1149,9.20966666666667,309.6358
1150,9.21768902439024,226.7241
1151,9.22571138211382,499.6459
1152,9.2337337398374,-4.104284
1153,9.24175609756098,309.264
1154,9.24977845528455,273.8556
1155,9.25780081300813,170.7417
1156,9.2658231707317,91.90758
1157,9.27384552845529,225.2907
1158,9.28186788617886,237.1292
1159,9.28989024390244,521.9236
1160,9.29791260162602,236.825
1161,9.30593495934959,-118.4997
1162,9.31395731707317,336.0609
1163,9.32197967479675,486.0355
1164,9.33000203252032,-4.609349
1165,9.3380243902439,220.0619
1166,9.34604674796748,-95.34603
1167,9.35406910569106,114.5253
1168,9.36209146341464,248.7079
1169,9.37011382113821,91.63072
1170,9.37813617886179,-2.602857
1171,9.38615853658537,-164.9318
1172,9.39418089430894,25.03297
1173,9.40220325203252,69.62446
1174,9.4102256097561,14.68443
1175,9.41824796747968,-50.78083
1176,9.42627032520325,-105.9186
1177,9.43429268292683,-60.04954
1178,9.4423150406504,119.8382
1179,9.45033739837398,171.189
1180,9.45835975609756,422.618
1181,9.46638211382114,284.7479
1182,9.47440447154471,372.8482
1183,9.48242682926829,208.358
1184,9.49044918699187,157.1897
1185,9.49847154471545,259.0604
1186,9.50649390243902,496.502
1187,9.5145162601626,154.7422
1188,9.52253861788618,278.6455
1189,9.53056097560975,-35.79908
1190,9.53858333333334,241.6106
1191,9.54660569105691,49.32522
1192,9.55462804878049,64.89146
1193,9.56265040650406,126.6252
1194,9.57067276422764,-98.00607
1195,9.57869512195122,233.0972
1196,9.5867174796748,4.454049
1197,9.59473983739837,380.7545
1198,9.60276219512195,407.5141
1199,9.61078455284553,182.4027
1200,9.61880691056911,262.9532
1201,9.62682926829268,96.36267
1202,9.63485162601626,76.71079
1203,9.64287398373984,-201.8452
1204,9.65089634146341,424.0647
1205,9.65891869918699,469.789
1206,9.66694105691057,-91.02377
1207,9.67496341463415,207.176
1208,9.68298577235772,537.3928
1209,9.6910081300813,324.3334
1210,9.69903048780488,-213.0014
1211,9.70705284552846,-74.22324
1212,9.71507520325203,96.98941
1213,9.72309756097561,14.56492
1214,9.73111991869919,-64.76424
1215,9.73914227642276,64.08163
1216,9.74716463414634,-228.751
1217,9.75518699186992,97.10561
1218,9.7632093495935,414.9612
1219,9.77123170731707,242.1727
1220,9.77925406504065,381.3512
1221,9.78727642276423,106.5715
1222,9.7952987804878,145.9082
1223,9.80332113821138,141.3755
1224,9.81134349593496,-67.05296
1225,9.81936585365853,418.0919
1226,9.82738821138211,21.6109
1227,9.83541056910569,340.2718
1228,9.84343292682927,-5.198642
1229,9.85145528455284,362.5403
1230,9.85947764227642,427.5786
1231,9.8675,269.6591
1232,9.87552235772358,312.4233
1233,9.88354471544716,51.12199
1234,9.89156707317073,163.1363
1235,9.89958943089431,-300.3146
1236,9.90761178861789,-199.1808
1237,9.91563414634146,124.4647
1238,9.92365650406504,307.7768
1239,9.93167886178862,196.8299
1240,9.93970121951219,86.76752
1241,9.94772357723577,324.4618
1242,9.95574593495935,33.34145
1243,9.96376829268293,42.19876
1244,9.9717906504065,338.9166
1245,9.97981300813008,40.88409
1246,9.98783536585366,203.9784
1247,9.99585772357723,98.52963
1248,10.0038800813008,416.8546
1249,10.0119024390244,-134.6432
1250,10.019924796748,237.9436
1251,10.0279471544715,268.8893
1252,10.0359695121951,308.6981
1253,10.0439918699187,-10.73297
1254,10.0520142276423,352.2675
1255,10.0600365853659,91.80495
1256,10.0680589430894,84.56795
1257,10.076081300813,80.76292
1258,10.0841036585366,243.9021
1259,10.0921260162602,206.1629
1260,10.1001483739837,88.12654
1261,10.1081707317073,58.46782
1262,10.1161930894309,169.6244
1263,10.1242154471545,574.3887
1264,10.132237804878,146.4544
1265,10.1402601626016,147.5283
1266,10.1482825203252,125.548
1267,10.1563048780488,119.5429
1268,10.1643272357724,44.64849
1269,10.1723495934959,248.4658
1270,10.1803719512195,-63.32772
1271,10.1883943089431,-32.24604
1272,10.1964166666667,111.8912
1273,10.2044390243902,109.7626
1274,10.2124613821138,-108.3838
1275,10.2204837398374,-262.4918
1276,10.228506097561,149.0275
1277,10.2365284552846,69.76542
1278,10.2445508130081,35.81008
1279,10.2525731707317,365.9057
1280,10.2605955284553,386.2826
1281,10.2686178861789,375.6411
1282,10.2766402439024,328.3573
1283,10.284662601626,380.7197
1284,10.2926849593496,50.91119
1285,10.3007073170732,300.2441
1286,10.3087296747967,101.7859
1287,10.3167520325203,69.02346
1288,10.3247743902439,165.536
1289,10.3327967479675,16.85738
1290,10.3408191056911,135.7026
1291,10.3488414634146,79.34789
1292,10.3568638211382,-29.00762
1293,10.3648861788618,169.6024
1294,10.3729085365854,-33.32018
1295,10.3809308943089,212.0582
1296,10.3889532520325,373.1826
1297,10.3969756097561,-30.84834
1298,10.4049979674797,188.3828
1299,10.4130203252033,10.1915
1300,10.4210426829268,379.4852
1301,10.4290650406504,554.2661
1302,10.437087398374,475.7837
1303,10.4451097560976,215.2291
1304,10.4531321138211,119.6962
1305,10.4611544715447,187.4361
1306,10.4691768292683,198.1212
1307,10.4771991869919,123.9104
1308,10.4852215447154,-168.4089
1309,10.493243902439,23.88107
1310,10.5012662601626,121.0348
1311,10.5092886178862,186.4969
1312,10.5173109756098,90.14221
1313,10.5253333333333,231.3112
1314,10.5333556910569,-96.62456
1315,10.5413780487805,-140.1216
1316,10.5494004065041,31.2188
1317,10.5574227642276,306.4456
1318,10.5654451219512,-72.17448
1319,10.5734674796748,114.4684
1320,10.5814898373984,46.90348
1321,10.589512195122,-51.78645
1322,10.5975345528455,-70.22426
1323,10.6055569105691,217.4382
1324,10.6135792682927,68.85687
1325,10.6216016260163,46.95081
1326,10.6296239837398,18.52029
1327,10.6376463414634,-65.44139
1328,10.645668699187,310.7274
1329,10.6536910569106,434.4861
1330,10.6617134146341,-255.5652
1331,10.6697357723577,-30.63288
1332,10.6777581300813,133.3072
1333,10.6857804878049,-59.22644
1334,10.6938028455285,196.5323
1335,10.701825203252,451.2806
1336,10.7098475609756,-20.43703
1337,10.7178699186992,126.167
1338,10.7258922764228,252.059
1339,10.7339146341463,-201.1263
1340,10.7419369918699,300.0286
1341,10.7499593495935,-32.91368
1342,10.7579817073171,98.56774
1343,10.7660040650407,-53.44712
1344,10.7740264227642,368.9786
1345,10.7820487804878,67.02964
1346,10.7900711382114,124.7449
1347,10.798093495935,127.6874
1348,10.8061158536585,-81.49888
1349,10.8141382113821,355.3329
1350,10.8221605691057,11.20141
1351,10.8301829268293,177.3305
1352,10.8382052845528,-97.13541
1353,10.8462276422764,213.4713
1354,10.85425,178.4738
1355,10.8622723577236,-231.7038
1356,10.8702947154472,43.60359
1357,10.8783170731707,24.23661
1358,10.8863394308943,174.8629
1359,10.8943617886179,270.9955
1360,10.9023841463415,105.6321
1361,10.910406504065,71.43563
1362,10.9184288617886,-299.791
1363,10.9264512195122,299.3866
1364,10.9344735772358,-199.8385
1365,10.9424959349594,34.67415
1366,10.9505182926829,438.8582
1367,10.9585406504065,-18.87009
1368,10.9665630081301,72.17726
1369,10.9745853658537,-12.9987
1370,10.9826077235772,373.44
1371,10.9906300813008,-15.71321
1372,10.9986524390244,348.4538
1373,11.006674796748,-358.9279
1374,11.0146971544715,327.1096
1375,11.0227195121951,56.43369
1376,11.0307418699187,-20.47559
1377,11.0387642276423,52.00037
1378,11.0467865853659,201.5045
1379,11.0548089430894,-6.44822
1380,11.062831300813,-59.28447
1381,11.0708536585366,22.70497
1382,11.0788760162602,220.177
1383,11.0868983739837,8.605105
1384,11.0949207317073,66.6731
1385,11.1029430894309,134.6359
1386,11.1109654471545,-129.1298
1387,11.118987804878,172.4962
1388,11.1270101626016,41.69069
1389,11.1350325203252,223.0114
1390,11.1430548780488,29.98065
1391,11.1510772357724,-33.37098
1392,11.1590995934959,-176.724
1393,11.1671219512195,176.2453
1394,11.1751443089431,65.84509
1395,11.1831666666667,190.3426
1396,11.1911890243902,353.9831
1397,11.1992113821138,-19.3229
1398,11.2072337398374,136.6667
1399,11.215256097561,278.8981
1400,11.2232784552846,183.187
1401,11.2313008130081,-106.9385
1402,11.2393231707317,163.6327
1403,11.2473455284553,64.25183
1404,11.2553678861789,-42.89575
1405,11.2633902439024,169.0333
1406,11.271412601626,154.1907
1407,11.2794349593496,-118.1171
1408,11.2874573170732,105.8489
1409,11.2954796747967,385.6231
1410,11.3035020325203,239.2164
1411,11.3115243902439,273.6644
1412,11.3195467479675,271.8297
1413,11.3275691056911,-50.13663
1414,11.3355914634146,254.1778
1415,11.3436138211382,29.76617
1416,11.3516361788618,-46.65779
1417,11.3596585365854,-142.9398
1418,11.3676808943089,186.4791
1419,11.3757032520325,2.725677
1420,11.3837256097561,79.3081
1421,11.3917479674797,82.07523
1422,11.3997703252033,196.6187
1423,11.4077926829268,-330.531
1424,11.4158150406504,-226.6071
1425,11.423837398374,112.949
1426,11.4318597560976,187.2841
1427,11.4398821138211,-62.54566
1428,11.4479044715447,227.4363
1429,11.4559268292683,74.82755
1430,11.4639491869919,-175.2783
1431,11.4719715447154,221.9831
1432,11.479993902439,180.2175
1433,11.4880162601626,-58.82037
1434,11.4960386178862,515.4196
1435,11.5040609756098,-17.10309
1436,11.5120833333333,-138.69
1437,11.5201056910569,40.18404
1438,11.5281280487805,46.76725
1439,11.5361504065041,-216.9953
1440,11.5441727642276,170.2592
1441,11.5521951219512,111.6423
1442,11.5602174796748,28.81895
1443,11.5682398373984,181.914
1444,11.5762621951219,23.59668
1445,11.5842845528455,322.092
1446,11.5923069105691,331.3383
1447,11.6003292682927,258.0328
1448,11.6083516260163,-60.80583
1449,11.6163739837398,393.4536
1450,11.6243963414634,379.829
1451,11.632418699187,-170.6049
1452,11.6404410569106,-353.3038
1453,11.6484634146341,-51.08196
1454,11.6564857723577,132.9715
1455,11.6645081300813,33.93015
1456,11.6725304878049,-209.9766
1457,11.6805528455285,81.23654
1458,11.688575203252,-250.3377
1459,11.6965975609756,268.2963
1460,11.7046199186992,-184.2409
1461,11.7126422764228,120.3357
1462,11.7206646341463,369.9257
1463,11.7286869918699,194.6618
1464,11.7367093495935,89.69241
1465,11.7447317073171,-266.5432
1466,11.7527540650407,-73.47389
1467,11.7607764227642,25.99623
1468,11.7687987804878,54.65601
1469,11.7768211382114,23.21302
1470,11.784843495935,98.85158
1471,11.7928658536585,138.2201
1472,11.8008882113821,144.5258
1473,11.8089105691057,149.9309
1474,11.8169329268293,18.55153
1475,11.8249552845528,-76.39472
1476,11.8329776422764,16.6755
1477,11.841,286.7979
