Displacement;Gc (KJ/m²)
mm;KJ/m^2
0.058;0.1495
0.07467;-0.0035
0.09133;-4.137E-4
0.108;-8.01E-4
0.1247;-0.00101
0.1413;-8.526E-4
0.158;0.01692
0.1747;0.02582
0.1917;0.02699
0.2087;0.03176
0.2257;0.03318
0.2423;0.02915
0.259;0.02956
0.2757;0.03283
0.2927;0.03294
0.3097;0.03161
0.3267;0.03392
0.3433;0.03527
0.36;0.03338
0.3767;0.03411
0.3937;0.03455
0.4103;0.03495
0.427;0.0331
0.4437;0.03581
0.4603;0.03705
0.477;0.03767
0.4937;0.03925
0.5103;0.0407
0.527;0.04106
0.5437;0.041
0.5603;0.04279
0.577;0.04337
0.5937;0.04366
0.6103;0.04474
0.627;0.0438
0.6437;0.043
0.6607;0.03199
0.6773;0.005021
0.694;-0.005654
0.7107;-0.007035
0.7273;0.01623
0.744;0.03475
0.7607;0.03937
0.7773;0.03949
0.794;0.04004
0.8107;0.04116
0.8273;0.03884
0.844;0.03916
0.8607;0.03951
0.8777;0.03875
0.8943;0.03958
0.911;0.04011
0.9277;0.03836
0.9443;0.03851
0.961;0.03903
0.9777;0.03925
0.9943;0.03971
1.011;0.03764
1.028;0.03611
1.044;0.03626
1.061;0.03456
1.078;0.03358
1.094;0.03178
1.111;0.03053
1.128;0.02852
1.145;0.02868
1.162;0.02758
1.178;0.02493
1.195;0.02351
1.212;0.02369
1.229;0.02596
1.245;0.02685
1.262;0.02895
1.279;0.02909
1.296;0.03031
1.312;0.03008
1.329;0.03041
1.346;0.02815
1.362;0.0282
1.379;0.02645
1.396;0.02506
1.412;0.0219
1.429;0.01985
1.446;0.01712
1.462;0.01501
1.479;0.0126
1.496;0.01008
1.512;0.008196
1.529;0.006307
1.546;0.004047
1.562;9.776E-4
1.579;4.48E-4
1.596;-0.002015
1.612;-0.002813
1.629;-0.004564
1.646;-0.004554
1.662;-0.005409
1.679;-0.005441
1.696;-0.005847
1.712;-0.006211
1.729;-0.006393
1.746;-0.005722
1.762;-0.007709
1.779;-0.008612
1.796;-0.008684
1.813;-0.009623
1.83;-0.009265
1.846;-0.00944
1.863;-0.01005
1.88;-0.0107
1.897;-0.01026
1.914;-0.0115
1.931;-0.0131
1.947;-0.01194
1.964;-0.01159
1.981;-0.01137
1.997;-0.01086
2.014;-0.009224
2.031;-0.00982
2.048;-0.0101
2.065;-0.01087
2.081;-0.01018
2.098;-0.008608
2.115;-0.009048
2.132;-0.007146
2.149;-0.008129
2.166;-0.006698
2.183;-0.006958
2.199;-0.006012
2.216;-0.006002
2.233;-0.006204
2.25;-0.00599
2.266;-0.004736
2.283;-0.003462
2.3;-0.001626
2.316;-0.001022
2.333;-0.001551
2.35;-9.859E-4
2.366;-2.043E-4
2.383;-3.673E-4
2.4;-6.062E-4
2.416;3.498E-4
2.433;8.415E-4
2.45;0.001188
2.467;0.001516
2.484;0.00198
2.5;0.001041
2.517;4.847E-4
2.534;7.282E-4
2.55;0.002151
2.567;0.002876
2.584;0.004764
2.6;0.004943
2.617;0.006148
2.634;0.008453
2.65;0.009858
2.667;0.0101
2.684;0.01093
2.701;0.01159
2.717;0.01149
2.734;0.01152
2.751;0.01152
2.768;0.01053
2.785;0.01184
2.802;0.0123
2.818;0.0122
2.836;0.01022
2.852;0.009483
2.869;0.007594
2.886;0.008595
2.902;0.00847
2.919;0.009664
2.936;0.009805
2.953;0.009939
2.97;0.01144
2.987;0.01005
3.004;0.009644
3.02;0.009099
3.037;0.007975
3.054;0.009374
3.07;0.009752
3.087;0.009562
3.104;0.009816
3.12;0.01118
3.137;0.01195
3.154;0.01149
3.17;0.0122
3.187;0.01299
3.204;0.01338
3.22;0.01304
3.237;0.01286
3.254;0.01033
3.27;0.009958
3.287;0.01201
3.304;0.01283
3.321;0.01275
3.338;0.01137
3.354;0.01153
3.371;0.01107
3.388;0.01192
3.404;0.01276
3.421;0.01316
3.438;0.01302
3.455;0.01298
3.471;0.01398
3.488;0.01495
3.505;0.01494
3.521;0.01461
3.538;0.01485
3.555;0.01446
3.571;0.01321
3.588;0.01214
3.605;0.01009
3.622;0.01016
3.639;0.008085
3.655;0.008254
3.672;0.007121
3.689;0.005856
3.705;0.004226
3.722;0.003616
3.739;0.003297
3.755;0.003949
3.772;0.00295
3.789;0.002766
3.806;0.003943
3.823;0.004811
3.839;0.006778
3.856;0.007325
3.873;0.00883
3.89;0.01008
3.906;0.01069
3.923;0.01133
3.94;0.01138
3.956;0.00978
3.973;0.008478
3.99;0.008989
4.007;0.00979
4.023;0.00977
4.04;0.009509
4.057;0.01102
4.074;0.01067
4.09;0.01181
4.107;0.01253
4.124;0.01234
4.14;0.01303
4.157;0.01194
4.174;0.0108
4.191;0.01173
4.207;0.01044
4.224;0.01055
4.241;0.01171
4.257;0.01127
4.274;0.01197
4.291;0.01185
4.307;0.01172
4.324;0.01042
4.341;0.01122
4.357;0.01101
4.374;0.01272
4.391;0.01361
4.407;0.01433
4.424;0.01614
4.441;0.01536
4.457;0.01615
4.474;0.0157
4.491;0.01625
4.507;0.01462
4.524;0.0155
4.541;0.01624
4.557;0.01403
4.574;0.0146
4.591;0.01321
4.607;0.01314
4.624;0.01309
4.641;0.01284
4.657;0.01244
4.674;0.01297
4.691;0.01066
4.707;0.006643
4.724;0.004468
4.741;0.003804
4.757;0.002269
4.774;0.001428
4.791;4.668E-4
4.807;-4.19E-4
4.824;-3.215E-4
4.841;-1.767E-5
4.857;-8.701E-5
4.874;-7.636E-4
4.891;-1.781E-4
4.907;5.943E-4
4.924;0.001802
4.941;0.001983
4.957;9.443E-4
4.974;0.001187
4.991;0.002184
5.008;0.001479
5.025;0.001741
5.042;0.001317
5.059;3.809E-4
5.075;-1.856E-5
5.092;4.732E-4
5.109;-6.612E-4
5.125;-5.093E-4
5.142;-1.107E-5
5.159;-2.082E-4
5.176;0.001156
5.193;0.00103
5.209;0.001695
5.226;0.002585
5.243;0.002654
5.259;0.002604
5.276;0.003087
5.293;0.00241
5.31;0.001347
5.326;6.239E-4
5.343;8.587E-4
5.36;0.0025
5.377;0.004433
5.394;0.005598
5.411;0.005928
5.428;0.006188
5.445;0.006866
5.461;0.007764
5.478;0.007371
5.495;0.006905
5.511;0.006419
5.528;0.006529
5.545;0.00616
5.561;0.004804
5.578;0.005442
5.595;0.003788
5.611;0.004082
5.628;0.005126
5.645;0.005425
5.661;0.004761
5.678;0.004349
5.695;0.005791
5.711;0.005118
5.728;0.004657
5.745;0.004464
5.761;0.003694
5.778;0.00304
5.795;0.002272
5.811;0.002059
5.828;0.002622
5.845;0.00163
5.861;0.001086
5.878;-2.053E-5
5.895;-0.00164
5.911;-0.001534
5.928;-0.002132
5.945;-6.459E-4
5.961;-1.227E-4
5.978;0.00207
5.995;0.002122
6.011;0.003351
6.028;0.003888
6.045;0.003217
6.062;0.002943
6.079;0.00225
6.095;0.002084
6.112;0.003032
6.129;0.003111
6.145;0.00358
6.162;0.002922
6.179;0.002394
6.195;0.002684
6.212;0.004012
6.229;0.003409
6.245;0.002815
6.262;0.002055
6.279;0.002209
6.295;4.424E-4
6.312;0.001833
6.329;0.001479
6.346;0.001131
6.363;6.477E-4
6.38;0.002244
6.396;0.001965
6.413;0.001096
6.43;-7.925E-4
6.447;-0.002035
6.463;-6.931E-4
6.48;-0.001189
6.497;6.8E-4
6.513;-7.287E-4
6.53;-4.497E-4
6.547;2.561E-4
6.564;2.333E-4
6.58;0.001212
6.597;0.001114
6.614;0.002136
6.63;0.00317
6.647;0.00488
6.664;0.005693
6.68;0.007242
6.697;0.008292
6.714;0.007834
6.731;0.007329
6.747;0.008656
6.764;0.007584
6.781;0.009354
6.798;0.009174
6.815;0.01075
6.832;0.0123
6.849;0.0109
6.865;0.01108
6.882;0.008947
6.899;0.008977
6.916;0.01189
6.932;0.01155
6.949;0.01256
6.966;0.01462
6.983;0.01516
6.999;0.0163
7.016;0.01836
7.033;0.01728
7.049;0.01786
7.066;0.01951
7.083;0.02038
7.099;0.0201
7.116;0.02154
7.133;0.02128
7.15;0.02352
7.166;0.02389
7.183;0.02485
7.2;0.02739
7.217;0.02942
7.234;0.03013
7.25;0.02816
7.267;0.02862
7.284;0.02998
7.301;0.03145
7.318;0.03313
7.335;0.03569
7.351;0.03506
7.368;0.03525
7.385;0.03654
7.401;0.03713
7.418;0.03785
7.435;0.03871
7.451;0.04009
7.468;0.04124
7.485;0.04357
7.501;0.04325
7.518;0.04419
7.535;0.04526
7.551;0.04629
7.568;0.04731
7.585;0.04948
7.601;0.05031
7.618;0.05135
7.635;0.05021
7.652;0.05052
7.669;0.05238
7.685;0.05329
7.702;0.05398
7.719;0.05476
7.735;0.05479
7.752;0.05441
7.769;0.05455
7.785;0.05586
7.802;0.0572
7.819;0.05782
7.836;0.0606
7.852;0.06139
7.869;0.06265
7.886;0.06314
7.902;0.06228
7.919;0.06375
7.936;0.06436
7.953;0.06467
7.969;0.06502
7.986;0.06529
8.003;0.06563
8.02;0.06578
8.037;0.06698
8.053;0.06684
8.07;0.06648
8.087;0.06784
8.103;0.06479
8.12;0.01097
8.137;0.0131
8.154;0.01477
8.17;0.01569
8.187;0.01655
8.204;0.01921
8.22;0.0223
8.237;0.02381
8.254;0.02439
8.27;0.0273
8.287;0.0298
8.304;0.03216
8.32;0.03259
8.337;0.03541
8.354;0.0395
8.37;0.04408
8.387;0.04871
8.404;0.05291
8.42;0.05843
8.437;0.06331
8.454;0.06845
8.47;0.07246
8.487;0.0772
8.504;0.08213
8.52;0.08614
8.537;0.09305
8.554;0.09769
8.57;0.1018
8.587;0.1065
8.604;0.1119
8.621;0.1174
8.637;0.1219
8.654;0.1257
8.671;0.1282
8.688;0.1309
8.704;0.1356
8.721;0.1411
8.738;0.145
8.754;0.1019
8.771;0.08711
8.788;0.08959
8.805;0.09312
8.822;0.097
8.838;0.1006
8.855;0.1038
8.872;0.1061
8.889;0.1088
8.905;0.1136
8.922;0.119
8.939;0.1185
8.955;0.12
8.972;0.124
8.989;0.1291
9.005;0.1314
9.022;0.1357
9.039;0.1395
9.056;0.1442
9.072;0.1475
9.089;0.151
9.106;0.1528
9.123;0.1559
9.14;0.1597
9.156;0.163
9.173;0.1647
9.19;0.1698
9.206;0.172
9.223;0.1736
9.24;0.178
9.256;0.1814
9.273;0.1848
9.29;0.1885
9.307;0.1901
9.323;0.193
9.34;0.1947
9.357;0.1985
9.374;0.2014
9.39;0.2042
9.408;0.2064
9.425;0.2089
9.441;0.211
9.458;0.2138
9.475;0.2161
9.492;0.218
9.509;0.2189
9.525;0.2219
9.542;0.2234
9.559;0.2271
9.576;0.2294
9.593;0.1295
9.61;0.1143
9.626;0.1137
9.643;0.1128
9.66;0.1133
9.677;0.1144
9.694;0.1176
9.71;0.1179
9.727;0.1193
9.744;0.1211
9.76;0.1237
9.777;0.1249
9.794;0.1277
9.81;0.1306
9.827;0.1312
9.844;0.132
9.86;0.1342
9.877;0.1376
9.894;0.1395
9.91;0.1416
9.927;0.1445
9.944;0.1489
9.961;0.1526
9.978;0.1563
9.994;0.1594
10.01;0.1614
10.03;0.1634
10.04;0.1659
10.06;0.1685
10.08;0.1097
10.09;0.1129
10.11;0.1134
10.13;0.114
10.14;0.117
10.16;0.119
10.18;0.1223
10.19;0.125
10.21;0.127
10.23;0.1274
10.24;0.1304
10.26;0.134
10.28;0.1359
10.29;0.1379
10.31;0.1417
10.33;0.1452
10.35;0.1465
10.36;0.1496
10.38;0.1531
10.4;0.1553
10.41;0.1571
10.43;0.1592
10.45;0.1637
10.46;0.1665
10.48;0.1716
10.5;0.176
10.51;0.1805
10.53;0.1838
10.55;0.1888
10.56;0.1911
10.58;0.1959
10.6;0.1971
10.61;0.2011
10.63;0.205
10.65;0.2053
10.66;0.0959
10.68;0.1032
10.7;0.1054
10.71;0.107
10.73;0.1078
10.75;0.1075
10.76;0.1088
10.78;0.1111
10.8;0.1139
10.81;0.1161
10.83;0.1163
10.85;0.1186
10.86;0.1223
10.88;0.1243
10.9;0.1265
10.91;0.1298
10.93;0.1332
10.95;0.135
10.96;0.1362
10.98;0.1375
11;0.141
11.01;0.1445
11.03;0.1503
11.05;0.1543
11.06;0.1577
11.08;0.1608
11.1;0.1643
11.11;0.1672
11.13;0.1695
11.15;0.1657
11.16;0.1687
11.18;0.1699
11.2;0.1725
11.21;0.1737
11.23;0.176
11.25;0.1797
11.26;0.1811
11.28;0.1825
11.3;0.1826
11.31;0.1866
11.33;0.19
11.35;0.1938
11.36;0.1968
11.38;0.2024
11.4;0.2059
11.41;0.211
11.43;0.2131
11.45;0.2182
11.47;0.2216
11.48;0.2255
11.5;0.2297
11.52;0.2342
11.53;0.2396
11.55;0.2437
11.57;0.2473
11.58;0.2157
11.6;0.09817
11.62;0.09932
11.63;0.1019
11.65;0.1046
11.67;0.1061
11.68;0.1075
11.7;0.1096
11.72;0.1123
11.73;0.1141
11.75;0.1164
11.77;0.1201
11.78;0.1215
11.8;0.1228
11.82;0.1249
11.83;0.1287
11.85;0.1311
11.87;0.1338
11.88;0.1363
11.9;0.1399
11.92;0.1432
11.94;0.1459
11.95;0.1467
11.97;0.1491
11.99;0.1536
12;0.1571
12.02;0.1592
12.04;0.1616
12.05;0.1638
12.07;0.1652
12.09;0.168
12.1;0.1707
12.12;0.1738
12.14;0.1772
12.15;0.1802
12.17;0.1855
12.19;0.1893
12.2;0.1935
12.22;0.1168
12.24;0.1059
12.25;0.1058
12.27;0.1071
12.29;0.1094
12.3;0.1136
12.32;0.1157
12.34;0.1192
12.35;0.1224
12.37;0.1253
12.39;0.1291
12.4;0.1323
12.42;0.1347
12.44;0.1363
12.45;0.1392
12.47;0.1416
12.49;0.1438
12.5;0.1468
12.52;0.1497
12.54;0.1515
12.55;0.1545
12.57;0.1577
12.59;0.1583
12.6;0.1592
12.62;0.1626
12.64;0.1666
12.66;0.1703
12.67;0.1739
12.69;0.1772
12.71;0.1783
12.72;0.1818
12.74;0.1856
12.76;0.1872
12.77;0.1886
12.79;0.1913
12.81;0.1946
12.82;0.1992
12.84;0.201
12.86;0.2049
12.87;0.208
12.89;0.2115
12.91;0.2146
12.92;0.1506
12.94;0.08861
12.96;0.09011
12.97;0.09364
12.99;0.09393
13.01;0.09587
13.02;0.09772
13.04;0.09851
13.06;0.09883
13.07;0.09817
13.09;0.09977
13.11;0.1021
13.12;0.1038
13.14;0.1049
13.16;0.1066
13.17;0.1078
13.19;0.1083
13.21;0.1104
13.22;0.1137
13.24;0.1174
13.26;0.1183
13.27;0.1212
13.29;0.1235
13.31;0.1245
13.32;0.1266
13.34;0.129
13.36;0.1299
13.37;0.1324
13.39;0.1345
13.41;0.1364
13.42;0.1401
13.44;0.1433
13.46;0.1463
13.47;0.1489
13.49;0.1526
13.51;0.1552
13.52;0.158
13.54;0.1615
13.56;0.1658
13.58;0.1688
13.59;0.171
13.61;0.1723
13.63;0.1767
13.64;0.1803
13.66;0.1854
13.68;0.1893
13.69;0.1927
13.71;0.1962
13.73;0.2012
13.74;0.2057
13.76;0.2097
13.78;0.2141
13.79;0.2176
13.81;0.2216
13.83;0.2253
13.84;0.229
13.86;0.1287
13.88;0.0956
13.89;0.09925
13.91;0.09766
13.93;0.1007
13.94;0.1043
13.96;0.1076
13.98;0.1112
13.99;0.1154
14.01;0.118
14.03;0.1207
14.04;0.1248
14.06;0.1255
14.08;0.1289
14.09;0.1328
14.11;0.1366
14.13;0.1405
14.14;0.1431
14.16;0.1474
14.18;0.1503
14.19;0.1533
14.21;0.1562
14.23;0.1586
14.24;0.1605
14.26;0.1635
14.28;0.1656
14.29;0.1679
14.31;0.1698
14.33;0.171
14.34;0.1749
14.36;0.1768
14.38;0.1792
14.39;0.1795
14.41;0.1821
14.43;0.185
14.44;0.1881
14.46;0.1896
14.48;0.1923
14.49;0.1942
14.51;0.1981
14.53;0.2025
14.55;0.1712
14.56;0.1281
14.58;0.1301
14.6;0.1308
14.61;0.1317
14.63;0.134
14.65;0.1362
14.66;0.1379
14.68;0.1405
14.7;0.1425
14.71;0.1462
14.73;0.1496
14.75;0.1534
14.76;0.1562
14.78;0.1577
14.8;0.1618
14.81;0.1654
14.83;0.1691
14.85;0.1737
14.86;0.1763
14.88;0.1802
14.9;0.1815
14.92;0.1855
14.93;0.188
14.95;0.1893
14.97;0.1944
14.98;0.1994
15;0.203
15.02;0.2071
15.03;0.2104
15.05;0.2128
15.07;0.2159
15.08;0.2204
15.1;0.2249
15.12;0.2268
15.13;0.231
15.15;0.2366
15.17;0.2393
15.18;0.125
15.2;0.1138
15.22;0.1163
15.23;0.1187
15.25;0.1195
15.27;0.1184
15.28;0.1222
15.3;0.124
15.32;0.1265
15.33;0.1294
15.35;0.1318
15.37;0.1343
15.38;0.1359
15.4;0.14
15.42;0.1423
15.43;0.144
15.45;0.1445
15.47;0.147
15.48;0.1499
15.5;0.1534
15.52;0.1546
15.54;0.1563
15.55;0.1594
15.57;0.1614
15.59;0.1639
15.6;0.167
15.62;0.1704
15.64;0.1727
15.65;0.1759
15.67;0.1784
15.69;0.1813
15.7;0.1828
15.72;0.1857
15.74;0.1886
15.75;0.1908
15.77;0.1945
15.79;0.1981
15.8;0.2015
15.82;0.206
15.84;0.2093
15.85;0.1454
15.87;0.1326
15.89;0.1318
15.9;0.1328
15.92;0.135
15.94;0.1379
15.95;0.1403
15.97;0.1423
15.99;0.1444
16;0.1473
16.02;0.1505
16.04;0.1516
16.05;0.1532
16.07;0.1557
16.09;0.1591
16.1;0.1619
16.12;0.1626
16.14;0.1661
16.15;0.1672
16.17;0.1701
16.19;0.1722
16.2;0.1733
16.22;0.1777
16.24;0.182
16.25;0.1858
16.27;0.1894
16.29;0.1912
16.3;0.1948
16.32;0.1986
16.34;0.2022
16.35;0.2051
16.37;0.2078
16.39;0.2102
16.4;0.2144
16.42;0.2182
16.44;0.2207
16.45;0.2248
16.47;0.2276
16.49;0.2288
16.5;0.2317
16.52;0.2365
16.54;0.2412
16.55;0.2451
16.57;0.2485
16.59;0.2516
16.6;0.2555
16.62;0.2606
16.64;0.265
16.65;0.2684
16.67;0.2722
16.69;0.2767
16.7;0.2813
16.72;0.2862
16.74;0.2903
16.75;0.2942
16.77;0.2985
16.79;0.2957
16.8;0.1177
16.82;0.128
16.84;0.1288
16.85;0.1295
16.87;0.1302
16.89;0.1294
16.9;0.1305
16.92;0.1327
16.94;0.1354
16.95;0.139
16.97;0.1402
16.99;0.1436
17;0.1449
17.02;0.1481
17.04;0.1502
17.05;0.1523
17.07;0.1539
17.09;0.1556
17.1;0.1577
17.12;0.1591
17.14;0.1611
17.15;0.1632
17.17;0.166
17.19;0.168
17.21;0.1676
17.22;0.1689
17.24;0.1702
17.26;0.1758
17.27;0.1771
17.29;0.1805
17.31;0.1836
17.32;0.1867
17.34;0.1895
17.36;0.1934
17.37;0.1832
17.39;0.1327
17.41;0.1366
17.42;0.1402
17.44;0.1421
17.46;0.1461
17.47;0.1499
17.49;0.1512
17.51;0.1511
17.52;0.1535
17.54;0.157
17.56;0.1585
17.57;0.1632
17.59;0.1656
17.61;0.1685
17.62;0.171
17.64;0.174
17.66;0.1762
17.67;0.1782
17.69;0.182
17.71;0.1856
17.72;0.1885
17.74;0.1909
17.76;0.1943
17.77;0.1965
17.79;0.1986
17.81;0.2019
17.83;0.2052
17.84;0.2091
17.86;0.2124
17.88;0.2162
17.89;0.2198
17.91;0.2245
17.93;0.2272
17.94;0.2299
17.96;0.2322
17.98;0.2371
17.99;0.2412
18.01;0.2439
18.03;0.1594
18.04;0.1401
18.06;0.1401
18.08;0.1411
18.09;0.1437
18.11;0.1472
18.13;0.1496
18.14;0.1522
18.16;0.1547
18.18;0.1575
18.19;0.1608
18.21;0.1629
18.23;0.1654
18.24;0.1663
18.26;0.1683
18.28;0.1729
18.29;0.1752
18.31;0.1781
18.33;0.1833
18.34;0.1848
18.36;0.185
18.38;0.1898
18.39;0.1923
18.41;0.196
18.43;0.1993
18.44;0.2015
18.46;0.2053
18.48;0.2077
18.49;0.2115
18.51;0.2137
18.53;0.2171
18.54;0.22
18.56;0.2224
18.58;0.2262
18.59;0.2291
18.61;0.232
18.63;0.2345
18.64;0.2342
18.66;0.2368
18.68;0.2414
18.7;0.2457
18.71;0.2504
18.73;0.254
18.75;0.2592
18.76;0.2619
18.78;0.2649
18.8;0.2699
18.81;0.2721
18.83;0.2756
18.85;0.2796
18.86;0.2839
18.88;0.2794
18.9;0.1634
18.91;0.1738
18.93;0.1774
18.95;0.1802
18.96;0.1817
18.98;0.1831
19;0.1864
19.01;0.1891
19.03;0.1936
19.05;0.1981
19.06;0.2014
19.08;0.2042
19.1;0.2083
19.11;0.2115
19.13;0.213
19.15;0.2156
19.16;0.2191
19.18;0.223
19.2;0.2244
19.21;0.2279
19.23;0.2321
19.25;0.2337
19.26;0.2363
19.28;0.2409
19.3;0.2428
19.31;0.247
19.33;0.25
19.35;0.2537
19.36;0.2554
19.38;0.2557
19.4;0.2594
19.41;0.2631
19.43;0.1965
19.45;0.1617
19.46;0.1658
19.48;0.1687
19.5;0.1711
19.51;0.1737
19.53;0.1761
19.55;0.1777
19.56;0.181
19.58;0.1823
19.6;0.1849
19.61;0.1879
19.63;0.19
19.65;0.193
19.66;0.1932
19.68;0.1946
19.7;0.196
19.71;0.1969
19.73;0.2008
19.75;0.2044
19.76;0.2088
19.78;0.2118
19.8;0.2152
19.81;0.219
19.83;0.2221
19.85;0.2258
19.86;0.2306
19.88;0.2341
19.9;0.2384
19.91;0.24
19.93;0.2454
19.95;0.2486
19.96;0.2536
19.98;0.2568
20;0.2606
20.01;0.2642
20.03;0.2648
20.05;0.2658
20.06;0.268
20.08;0.2714
20.1;0.2735
20.12;0.2783
20.13;0.2828
20.15;0.2878
20.17;0.2906
20.18;0.2958
20.2;0.3
20.22;0.304
20.23;0.3069
20.25;0.3115
20.27;0.2477
20.28;0.1484
20.3;0.1507
20.32;0.1522
20.33;0.1534
20.35;0.1547
20.37;0.1555
20.38;0.1576
20.4;0.1597
20.42;0.1614
20.43;0.1624
20.45;0.1638
20.47;0.1651
20.48;0.1665
20.5;0.1661
20.52;0.1681
20.53;0.1692
20.55;0.1711
20.57;0.1723
20.58;0.1754
20.6;0.1757
20.62;0.1748
20.63;0.1753
20.65;0.1769
20.67;0.1788
20.68;0.1808
20.7;0.1837
20.72;0.1863
20.73;0.1891
20.75;0.1918
20.77;0.1932
20.78;0.1952
20.8;0.1962
20.82;0.1999
20.83;0.2035
20.85;0.2068
20.87;0.2097
20.88;0.2131
20.9;0.1779
20.92;0.1428
20.93;0.1425
20.95;0.1458
20.97;0.1484
20.98;0.1511
21;0.1546
21.02;0.1578
21.03;0.159
21.05;0.1624
21.07;0.1651
21.08;0.1698
21.1;0.1731
21.12;0.176
21.13;0.18
21.15;0.1851
21.17;0.1889
21.18;0.1919
21.2;0.1957
21.22;0.1985
21.23;0.2014
21.25;0.201
21.27;0.2045
21.28;0.2091
21.3;0.2121
21.32;0.2164
21.33;0.219
21.35;0.2223
21.37;0.2269
21.38;0.23
21.4;0.2341
21.42;0.2379
21.43;0.2422
21.45;0.2449
21.47;0.2465
21.48;0.2497
21.5;0.252
21.52;0.256
21.54;0.2594
21.55;0.2624
21.57;0.2679
21.59;0.2736
21.6;0.2774
21.62;0.2803
21.64;0.284
21.65;0.2879
21.67;0.2073
21.69;0.1469
21.7;0.1492
21.72;0.1523
21.74;0.156
21.75;0.1587
21.77;0.1593
21.79;0.1636
21.8;0.1677
21.82;0.1713
21.84;0.1757
21.85;0.1803
21.87;0.1839
21.89;0.1858
21.9;0.1893
21.92;0.1913
21.94;0.1937
21.95;0.1983
21.97;0.2002
21.99;0.202
22;0.2044
22.02;0.2081
22.04;0.2104
22.05;0.2128
22.07;0.215
22.09;0.218
22.11;0.2204
22.12;0.2222
22.14;0.223
22.16;0.2231
22.17;0.223
22.19;0.2251
22.21;0.2266
22.22;0.2269
22.24;0.2299
22.26;0.2313
22.27;0.2342
22.29;0.2371
22.31;0.2382
22.32;0.2402
22.34;0.2405
22.36;0.2427
22.37;0.1889
22.39;0.1528
22.41;0.1529
22.42;0.1542
22.44;0.1562
22.46;0.1581
22.47;0.159
22.49;0.1592
22.51;0.1632
22.52;0.1655
22.54;0.1672
22.56;0.17
22.57;0.1717
22.59;0.1746
22.61;0.1769
22.62;0.1787
22.64;0.1799
22.66;0.1799
22.67;0.1816
22.69;0.1842
22.71;0.187
22.72;0.1898
22.74;0.1917
22.76;0.1946
22.77;0.1964
22.79;0.1969
22.81;0.1992
22.83;0.2022
22.84;0.2031
22.86;0.2054
22.88;0.2091
22.89;0.2095
22.91;0.21
22.93;0.2112
22.94;0.2148
22.96;0.2176
22.98;0.2205
22.99;0.2238
23.01;0.2266
23.03;0.2306
23.04;0.2344
23.06;0.2375
23.08;0.2406
23.09;0.2433
23.11;0.2465
23.13;0.2478
23.14;0.2497
23.16;0.2516
23.18;0.255
23.19;0.2565
23.21;0.259
23.23;0.1429
23.24;0.1265
23.26;0.1305
23.28;0.1321
23.29;0.1322
23.31;0.1343
23.33;0.1369
23.34;0.139
23.36;0.1406
23.38;0.1425
23.39;0.1435
23.41;0.1451
23.43;0.1481
23.44;0.1498
23.46;0.1521
23.48;0.1541
23.49;0.155
23.51;0.1555
23.53;0.156
23.54;0.1583
23.56;0.1615
23.58;0.1637
23.59;0.1669
23.61;0.1708
23.63;0.1746
23.64;0.1767
23.66;0.1796
23.68;0.1826
23.69;0.1857
23.71;0.1876
23.73;0.1886
23.74;0.1916
23.76;0.1949
23.78;0.196
23.79;0.1983
23.81;0.2007
23.83;0.2044
23.84;0.1835
23.86;0.1272
23.88;0.13
23.9;0.1318
23.91;0.1339
23.93;0.1362
23.95;0.1365
23.96;0.139
23.98;0.1409
24;0.1423
24.01;0.1436
24.03;0.1437
24.05;0.1438
24.06;0.1454
24.08;0.1472
24.1;0.1503
24.11;0.152
24.13;0.1537
24.15;0.1542
24.16;0.1567
24.18;0.1598
24.2;0.1618
24.21;0.1629
24.23;0.1662
24.25;0.1681
24.26;0.1716
24.28;0.1732
24.3;0.1748
24.31;0.1777
24.33;0.18
24.35;0.1792
24.36;0.183
24.38;0.1853
24.4;0.1892
24.41;0.1911
24.43;0.1949
24.45;0.1974
24.46;0.2005
24.48;0.2018
24.5;0.2041
24.51;0.2076
24.53;0.2107
24.55;0.2132
24.56;0.2168
24.58;0.2196
24.6;0.2221
24.62;0.2234
24.63;0.2236
24.65;0.2258
24.67;0.2295
24.68;0.2335
24.7;0.2382
24.72;0.1734
24.73;0.1261
24.75;0.1295
24.77;0.1315
24.78;0.1355
24.8;0.1365
24.82;0.1392
24.83;0.1417
24.85;0.1446
24.87;0.1457
24.88;0.1481
24.9;0.1499
24.92;0.152
24.93;0.1543
24.95;0.1562
24.97;0.1595
24.98;0.1609
25;0.1609
25.02;0.1641
25.03;0.1679
25.05;0.1723
25.07;0.1775
25.08;0.1809
25.1;0.1842
25.12;0.1885
25.13;0.1927
25.15;0.1967
25.17;0.1998
25.18;0.2035
25.2;0.2072
25.22;0.2105
25.23;0.2149
25.25;0.2196
25.27;0.223
25.28;0.2255
25.3;0.2294
25.32;0.233
25.33;0.2383
25.35;0.2427
25.37;0.2112
25.38;0.1299
25.4;0.1348
25.42;0.1392
25.43;0.1415
25.45;0.1429
25.47;0.1461
25.48;0.1506
25.5;0.1529
25.52;0.1564
25.53;0.1582
25.55;0.161
25.57;0.1615
25.58;0.1644
25.6;0.1662
25.62;0.169
25.63;0.1705
25.65;0.1719
25.67;0.1761
25.69;0.1791
25.7;0.1813
25.72;0.1838
25.74;0.1871
25.75;0.1907
25.77;0.1951
25.79;0.1976
25.8;0.2021
25.82;0.2045
25.84;0.2077
25.85;0.1958
25.87;0.1807
25.89;0.1704
25.9;0.1719
25.92;0.1722
25.94;0.172
25.95;0.1748
25.97;0.1791
25.99;0.1824
26;0.1853
26.02;0.1872
26.04;0.1895
26.05;0.1913
26.07;0.1935
26.09;0.1949
26.1;0.1955
26.12;0.1986
26.14;0.1988
26.15;0.2013
26.17;0.2021
26.19;0.2008
26.2;0.2007
26.22;0.203
26.24;0.2054
26.25;0.2075
26.27;0.2102
26.29;0.2133
26.3;0.2167
26.32;0.2181
26.34;0.2223
26.35;0.2248
26.37;0.2281
26.39;0.228
26.4;0.2307
26.42;0.2332
26.44;0.2354
26.45;0.2378
26.47;0.241
26.49;0.2437
26.5;0.2464
26.52;0.2502
26.54;0.2526
26.56;0.2549
26.57;0.2576
26.59;0.2602
26.61;0.2621
26.62;0.2638
26.64;0.1757
26.66;0.1707
26.67;0.1704
26.69;0.1735
26.71;0.1763
26.72;0.1784
26.74;0.1813
26.76;0.1841
26.77;0.1865
26.79;0.1877
26.81;0.1915
26.82;0.1936
26.84;0.1959
26.86;0.1991
26.87;0.2001
26.89;0.2022
26.91;0.205
26.92;0.2084
26.94;0.211
26.96;0.2138
26.97;0.2165
26.99;0.219
27.01;0.2223
27.02;0.2247
27.04;0.227
27.06;0.2307
27.07;0.2341
27.09;0.2352
27.11;0.2376
27.12;0.2382
27.14;0.2405
27.16;0.2434
27.17;0.2462
27.19;0.2499
27.21;0.2509
27.22;0.2536
27.24;0.228
27.26;0.1674
27.27;0.1719
27.29;0.1745
27.31;0.1772
27.32;0.18
27.34;0.1832
27.36;0.1855
27.37;0.1874
27.39;0.1901
27.41;0.1906
27.42;0.1934
27.44;0.1957
27.46;0.197
27.47;0.2009
27.49;0.2037
27.51;0.2062
27.52;0.209
27.54;0.2119
27.56;0.2146
27.57;0.2172
27.59;0.2194
27.61;0.2219
27.63;0.2238
27.64;0.2263
27.66;0.2287
27.68;0.2336
27.69;0.2381
27.71;0.2403
27.73;0.2412
27.74;0.241
27.76;0.2445
27.78;0.2469
27.79;0.2507
27.81;0.2529
27.83;0.2564
27.84;0.206
27.86;0.16
27.88;0.1613
27.89;0.1624
27.91;0.1647
27.93;0.1661
27.94;0.1689
27.96;0.1691
27.98;0.1716
27.99;0.1726
28.01;0.1757
28.03;0.1785
28.04;0.1801
28.06;0.1817
28.08;0.185
28.09;0.1873
28.11;0.1874
28.13;0.1883
28.14;0.1912
28.16;0.1932
28.18;0.1958
28.19;0.1969
28.21;0.199
28.23;0.2013
28.24;0.2005
28.26;0.1978
28.28;0.1995
28.3;0.2016
28.31;0.2057
28.33;0.2075
28.35;0.2107
28.36;0.2134
28.38;0.2164
28.4;0.2203
28.41;0.2246
28.43;0.2264
28.45;0.2289
28.46;0.2317
28.48;0.2342
28.5;0.237
28.51;0.24
28.53;0.2416
28.55;0.2432
28.56;0.2473
28.58;0.2505
28.6;0.2538
28.61;0.2577
28.63;0.2617
28.65;0.2639
28.66;0.2676
28.68;0.269
28.7;0.2717
28.71;0.1824
28.73;0.1219
28.75;0.1253
28.76;0.1263
28.78;0.1277
28.8;0.1278
28.81;0.1317
28.83;0.135
28.85;0.1379
28.86;0.1392
28.88;0.14
28.9;0.1418
28.91;0.1451
28.93;0.1477
28.95;0.1501
28.96;0.1524
28.98;0.1541
29;0.1566
29.01;0.158
29.03;0.1584
29.05;0.1616
29.06;0.1646
29.08;0.1677
29.1;0.1707
29.11;0.1727
29.13;0.1731
29.15;0.1742
29.16;0.1764
29.18;0.1784
29.2;0.1804
29.21;0.182
29.23;0.1846
29.25;0.1867
29.26;0.1908
29.28;0.1929
29.3;0.1949
29.31;0.1984
29.33;0.2
29.35;0.2025
29.36;0.2047
29.38;0.2092
29.4;0.2116
29.41;0.0989
29.43;0.09656
29.45;0.09946
29.46;0.1006
29.48;0.1042
29.5;0.1077
29.51;0.1099
29.53;0.113
29.55;0.1166
29.57;0.1183
29.58;0.1197
29.6;0.1217
29.62;0.1241
29.63;0.1264
29.65;0.1295
29.67;0.1315
29.68;0.1339
29.7;0.1364
29.72;0.1382
29.73;0.0979
29.75;0.08069
29.77;0.08264
29.78;0.08366
29.8;0.08454
29.82;0.08591
29.83;0.08833
29.85;0.09009
29.87;0.0914
29.88;0.09484
29.9;0.09542
29.92;0.09894
29.93;0.1015
29.95;0.1032
29.97;0.1043
29.98;0.1069
30;0.1079
30.02;0.1076
30.03;0.1105
30.05;0.1132
30.07;0.1141
30.08;0.1159
30.1;0.1145
30.12;0.1172
30.13;0.1196
30.15;0.1229
30.17;0.1267
30.18;0.1284
30.2;0.1308
30.22;0.1334
30.23;0.137
30.25;0.1382
30.27;0.1393
30.28;0.1425
30.3;0.1438
30.32;0.1459
30.33;0.1482
30.35;0.1502
30.37;0.1523
30.39;0.1553
30.4;0.06773
30.42;0.06546
30.44;0.06759
30.45;0.07127
30.47;0.07457
30.49;0.07675
30.5;0.08007
30.52;0.08158
30.54;0.08369
30.55;0.08636
30.57;0.0879
30.59;0.08887
30.6;0.09255
30.62;0.09469
30.64;0.0967
30.65;0.09902
30.67;0.1001
30.69;0.1021
30.7;0.1037
30.72;0.1047
30.74;0.1062
30.75;0.1061
30.77;0.1071
30.79;0.1111
30.8;0.1141
30.82;0.1168
30.84;0.1196
30.85;0.1217
30.87;0.06866
30.89;0.06362
30.9;0.0655
30.92;0.06606
30.94;0.06786
30.95;0.0693
30.97;0.07188
30.99;0.07398
31;0.07619
31.02;0.07947
31.04;0.08102
31.05;0.0847
31.07;0.08451
31.09;0.08807
31.1;0.08951
31.12;0.08838
31.14;0.08986
31.15;0.09215
31.17;0.09517
31.19;0.09751
31.2;0.1018
31.22;0.1055
31.24;0.1088
31.25;0.1119
31.27;0.1142
31.29;0.1159
31.3;0.1177
31.32;0.1216
31.34;0.1252
31.35;0.1276
31.37;0.1299
31.39;0.1324
31.4;0.1353
31.42;0.09149
31.44;0.07808
31.45;0.07714
31.47;0.07844
31.49;0.08081
31.5;0.08227
31.52;0.08438
31.54;0.0881
31.55;0.0899
31.57;0.09404
31.59;0.09528
31.6;0.0988
31.62;0.1011
31.64;0.1029
31.65;0.1054
31.67;0.1067
31.69;0.1082
31.71;0.1095
31.72;0.1109
31.74;0.112
31.76;0.1129
31.77;0.1164
31.79;0.1195
31.81;0.1219
31.82;0.1251
31.84;0.1276
31.86;0.1315
31.87;0.1331
31.89;0.1358
31.91;0.1376
31.92;0.1401
31.94;0.1426
31.96;0.1442
31.97;0.1483
31.99;0.1508
32.01;0.1525
32.02;0.1559
32.04;0.1568
32.06;0.1568
32.07;0.1593
32.09;0.1623
32.11;0.1652
32.12;0.1675
32.14;0.1707
32.16;0.1734
32.18;0.1757
32.19;0.1791
32.21;0.1829
32.23;0.1859
32.24;0.1884
32.26;0.1906
32.28;0.1941
32.29;0.1979
32.31;0.2024
32.33;0.1685
32.34;0.05648
32.36;0.05749
32.38;0.05677
32.39;0.05903
32.41;0.06238
32.43;0.06385
32.44;0.06541
32.46;0.06708
32.48;0.06914
32.49;0.07141
32.51;0.07306
32.53;0.07613
32.54;0.07753
32.56;0.08032
32.58;0.08227
32.59;0.08496
32.61;0.0869
32.63;0.08988
32.64;0.09102
32.66;0.09363
32.68;0.093
32.69;0.09629
32.71;0.0994
32.73;0.1015
32.74;0.1037
32.76;0.1046
32.78;0.1078
32.79;0.1102
32.81;0.113
32.83;0.114
32.84;0.1161
32.86;0.1181
32.88;0.1204
32.89;0.1229
32.91;0.1232
32.93;0.1256
32.94;0.1241
32.96;0.05854
32.98;0.05715
32.99;0.05877
33.01;0.06044
33.03;0.0619
33.04;0.06574
33.06;0.06783
33.08;0.06999
33.09;0.0717
33.11;0.07363
33.13;0.07668
33.14;0.07922
33.16;0.08099
33.18;0.0836
33.19;0.0863
33.21;0.08928
33.23;0.09291
33.24;0.0954
33.26;0.09569
33.28;0.09723
33.3;0.1011
33.31;0.1032
33.33;0.1052
33.35;0.1073
33.36;0.1104
33.38;0.1121
33.4;0.0654
33.41;0.0513
33.43;0.05164
33.45;0.05356
33.46;0.05483
33.48;0.0555
33.5;0.05688
33.51;0.05898
33.53;0.06096
33.55;0.06397
33.56;0.06497
33.58;0.06448
33.6;0.06712
33.61;0.06837
33.63;0.07267
33.65;0.07543
33.66;0.07738
33.68;0.07982
33.7;0.08079
33.71;0.08306
33.73;0.08614
33.75;0.08953
33.76;0.09213
33.78;0.09567
33.8;0.09801
33.81;0.1007
33.83;0.1031
33.85;0.1065
33.86;0.1074
33.88;0.1099
33.9;0.1111
33.91;0.08494
33.93;0.08959
33.95;0.09393
33.96;0.09841
33.98;0.1017
34;0.1075
34.01;0.1092
34.03;0.1117
34.05;0.1151
34.06;0.1191
34.08;0.1224
34.1;0.1252
34.11;0.1264
34.13;0.1301
34.15;0.1331
34.16;0.1353
34.18;0.1366
34.2;0.1396
34.21;0.1425
34.23;0.1452
34.25;0.1485
34.26;0.1524
34.28;0.1559
34.3;0.1591
34.31;0.1617
34.33;0.1638
34.35;0.1647
34.36;0.1686
34.38;0.1714
34.4;0.174
34.41;0.1785
34.43;0.1817
34.45;0.1851
34.46;0.1888
34.48;0.1916
34.5;0.05566
34.51;0.05258
34.53;0.05417
34.55;0.05695
34.57;0.05957
34.58;0.06099
34.6;0.06347
34.62;0.0659
34.63;0.06871
34.65;0.07272
34.67;0.07587
34.68;0.07799
34.7;0.08138
34.72;0.08437
34.73;0.08809
34.75;0.09093
34.77;0.09496
34.78;0.09757
34.8;0.09945
34.82;0.1014
34.83;0.09352
34.85;0.08582
34.87;0.08854
34.88;0.09202
34.9;0.09402
34.92;0.09771
34.93;0.1006
34.95;0.1046
34.97;0.107
34.98;0.11
35;0.1127
35.02;0.1128
35.03;0.1147
35.05;0.1155
35.07;0.117
35.08;0.1197
35.1;0.1231
35.12;0.1259
35.13;0.1282
35.15;0.128
35.17;0.1284
35.18;0.1311
35.2;0.1332
35.22;0.1364
35.23;0.1376
35.25;0.1396
35.27;0.1427
35.28;0.1459
35.3;0.1486
35.32;0.1528
35.33;0.1564
35.35;0.1603
35.37;0.1646
35.38;0.1689
35.4;0.1699
35.42;0.1738
35.43;0.1772
35.45;0.1817
35.47;0.06175
35.48;0.05349
35.5;0.05445
35.52;0.05697
35.53;0.05816
35.55;0.06041
35.57;0.06312
35.59;0.06521
35.6;0.06802
35.62;0.0712
35.64;0.07272
35.65;0.07537
35.67;0.07763
35.69;0.0799
35.7;0.08274
35.72;0.0831
35.74;0.08645
35.75;0.08686
35.77;0.08835
35.79;0.09054
35.8;0.09005
35.82;0.08925
35.84;0.09175
35.85;0.09282
35.87;0.094
35.89;0.09619
35.9;0.09745
35.92;0.09916
35.94;0.1001
35.95;0.09974
35.97;0.09118
35.99;0.09403
36;0.09559
36.02;0.09644
36.04;0.08402
36.05;0.04219
36.07;0.04374
36.09;0.04462
36.1;0.04627
36.12;0.04461
36.14;0.04453
36.15;0.04581
36.17;0.04774
36.19;0.04815
36.2;0.04757
36.22;0.04886
36.24;0.05066
36.25;0.05044
36.27;0.05253
36.29;0.05389
36.3;0.05407
36.32;0.05482
36.34;0.05639
36.35;0.05881
36.37;0.05933
36.39;0.06019
36.4;0.062
36.42;0.06018
36.44;0.06105
36.45;0.06311
36.47;0.06517
36.49;0.06796
36.5;0.06933
36.52;0.07224
36.54;0.07532
36.55;0.07728
36.57;0.07788
36.59;0.00208
36.6;0.006072
36.62;0.007468
36.64;0.009665
36.65;0.01061
36.67;0.01206
36.69;0.01395
36.7;0.01474
36.72;0.01516
36.74;0.01466
36.75;0.01542
36.77;0.01904
36.79;0.02135
36.8;0.02374
36.82;0.02572
36.84;0.02827
36.85;0.02971
36.87;0.03103
36.89;0.03289
36.9;0.03361
36.92;0.0359
36.94;0.03779
36.95;0.03842
36.97;0.03953
36.99;0.03843
37.01;0.04052
37.02;0.04344
37.04;0.04578
37.06;0.04786
37.07;0.05048
37.09;0.05149
37.11;0.05205
37.12;0.05444
37.14;0.05643
37.16;0.0579
37.17;0.05994
37.19;0.06068
37.21;0.0635
37.22;0.06363
37.24;0.06452
37.26;-2.565E-4
37.27;-0.002512
37.29;6.629E-4
37.31;0.002137
37.32;0.00395
37.34;0.006593
37.36;0.00758
37.37;0.009736
37.39;0.01061
37.41;0.01342
37.42;0.01579
37.44;0.01807
37.46;0.01924
37.47;0.0225
37.49;0.02426
37.51;0.02404
37.52;0.02501
37.54;0.02804
37.56;0.03008
37.57;0.03174
37.59;0.03334
37.61;0.03607
37.62;0.03833
37.64;0.04069
37.66;0.04273
37.67;0.04432
37.69;0.04667
37.71;0.04755
37.72;0.05057
37.74;0.05165
37.76;0.05274
37.77;0.05371
37.79;0.05693
37.81;0.06087
37.82;0.06399
37.84;0.06555
37.86;0.06755
37.88;0.005732
37.89;-0.003668
37.91;5.461E-4
37.93;0.001112
37.94;0.003282
37.96;0.003373
37.98;0.005774
37.99;0.007393
38.01;0.007377
38.03;0.00981
38.04;0.01204
38.06;0.01366
38.08;0.01664
38.09;0.01859
38.11;0.02169
38.13;0.02437
38.14;0.028
38.16;0.02969
38.18;0.03249
38.19;0.03481
38.21;0.03855
38.23;0.04021
38.24;0.04275
38.26;0.04522
38.28;0.04775
38.29;0.05041
38.31;0.04959
38.33;0.05135
38.34;0.05415
38.36;0.05581
38.38;0.05877
38.39;0.06077
38.41;0.06334
38.43;0.06527
38.44;0.0692
38.46;0.07198
38.48;0.07371
38.49;0.07651
38.51;0.07827
38.53;0.08144
38.54;0.08304
38.56;0.08529
38.58;0.08821
38.59;0.09131
38.61;0.09538
38.63;0.09683
38.64;0.05593
38.66;-0.0258
38.68;-0.02468
38.69;-0.02264
38.71;-0.0204
38.73;-0.01725
38.74;-0.01597
38.76;-0.01422
38.78;-0.01082
38.79;-0.009273
38.81;-0.007224
38.83;-0.005231
38.84;-0.001828
38.86;-1.065E-4
38.88;0.003299
38.89;0.005067
38.91;0.00776
38.93;0.01134
38.94;0.01378
38.96;0.01539
38.98;0.01793
38.99;0.01947
39.01;0.02172
39.03;0.02215
39.04;0.02282
39.06;0.02634
39.08;0.02821
39.09;0.03029
39.11;0.03227
39.13;0.03489
39.14;0.03652
39.16;0.01601
39.18;0.00808
39.19;0.01042
39.21;0.01381
39.23;0.01634
39.24;0.01872
39.26;0.01868
39.28;0.02097
39.29;0.02285
39.31;0.02544
39.33;0.02883
39.35;0.02964
39.36;0.03125
39.38;0.03309
39.4;0.03601
39.41;0.03873
39.43;0.03893
39.45;0.04277
39.46;0.04562
39.48;0.04841
39.5;0.04795
39.51;0.03123
39.53;0.006741
39.55;0.00863
39.56;0.01208
39.58;0.01416
39.6;0.01669
39.61;0.01955
39.63;0.02154
39.65;0.02152
39.66;0.02347
39.68;0.02667
39.7;0.02883
39.71;0.03091
39.73;0.03195
39.75;0.03699
39.76;0.03896
39.78;0.04053
39.8;0.04424
39.81;0.04663
39.83;0.047
39.85;0.04923
39.86;0.05102
39.88;0.05374
39.9;0.05501
39.91;0.05715
39.93;0.06034
39.95;0.06059
39.96;0.06242
39.98;0.06582
40;0.06959
40.01;0.07294
40.03;0.07571
40.05;0.07692
40.06;0.08081
40.08;0.08258
40.1;0.08584
40.11;0.08881
40.13;0.09076
40.15;0.03942
40.16;0.005522
40.18;0.009104
40.2;0.01228
40.21;0.0136
40.23;0.01619
40.25;0.01643
40.26;0.01607
40.28;0.01809
40.3;0.0218
40.32;0.02542
40.33;0.02804
40.35;0.03073
40.37;0.03284
40.38;0.03487
40.4;0.03657
40.42;0.03925
40.43;0.04038
40.45;0.0435
40.47;0.04554
40.48;0.04813
40.5;0.04967
40.52;0.05244
40.53;0.05553
40.55;0.05416
40.57;0.006082
40.58;0.008742
40.6;0.01075
40.62;0.01211
40.63;0.01249
40.65;0.01532
40.67;0.01702
40.68;0.01787
40.7;0.02124
40.72;0.02327
40.73;0.02628
40.75;0.02943
40.77;0.03059
40.78;0.03282
40.8;0.03481
40.82;0.03647
40.83;0.03922
40.85;0.04131
40.87;0.04369
40.88;0.04636
40.9;0.04893
40.92;0.05117
40.93;0.05222
40.95;0.05279
40.97;0.05346
40.98;0.05608
41;0.05825
41.02;0.05931
41.03;0.06072
41.05;0.06297
41.07;0.06585
41.08;0.06864
41.1;0.07069
41.12;0.07505
41.13;0.07769
41.15;0.08038
41.17;0.08382
41.18;0.08698
41.2;0.08977
41.22;0.09311
41.23;0.09523
41.25;0.08024
41.27;0.0122
41.28;0.01313
41.3;0.01434
41.32;0.01538
41.33;0.0174
41.35;0.01783
41.37;0.01929
41.38;0.02062
41.4;0.01971
41.42;0.02064
41.43;0.02296
41.45;0.02446
41.47;0.02738
41.48;0.02984
41.5;0.03242
41.52;0.03427
41.53;0.03525
41.55;0.03686
41.57;0.03837
41.58;0.04043
41.6;0.04377
41.62;0.04446
41.63;0.0474
41.65;0.04982
41.67;0.05159
41.68;0.05394
41.7;0.05571
41.72;0.05744
41.73;0.061
41.75;0.06242
41.77;0.06337
41.78;0.06736
41.8;0.07061
41.82;0.07281
41.83;0.07534
41.85;0.07892
41.87;0.08209
41.88;0.08493
41.9;0.08878
41.92;0.09028
41.93;0.09346
41.95;0.09721
41.97;0.1017
41.98;0.0762
42;0.0101
42.02;0.01079
42.03;0.01039
42.05;0.0128
42.07;0.01611
42.08;0.01855
42.1;0.02093
42.12;0.02459
42.13;0.02745
42.15;0.03137
42.17;0.03476
42.18;0.03742
42.2;0.04113
42.22;0.04419
42.23;0.04768
42.25;0.05051
42.27;0.05401
42.28;0.05734
42.3;0.06125
42.32;0.06364
42.33;0.06716
42.35;0.06563
42.37;0.06548
42.38;0.06943
42.4;0.07287
42.42;0.07385
42.44;0.07766
42.45;0.08041
42.47;0.08389
42.49;0.08577
42.5;0.08905
42.52;0.09162
42.54;0.09439
42.55;0.0973
42.57;0.1008
42.59;0.1047
42.6;0.1081
42.62;0.11
42.64;0.1124
42.65;0.1128
42.67;0.1117
42.69;0.1166
42.7;0.01887
42.72;0.005956
42.74;0.009022
42.75;0.01069
42.77;0.01276
42.79;0.01693
42.8;0.01863
42.82;0.02193
42.84;0.02432
42.85;0.02768
42.87;0.02941
42.89;0.03136
42.9;0.03016
42.92;0.03184
42.94;0.03373
42.95;0.03645
42.97;0.0386
42.99;0.04175
43;0.04327
43.02;0.04638
43.04;0.04943
43.05;0.05224
43.07;0.0548
43.09;0.05758
43.1;0.06068
43.12;0.06308
43.14;0.06393
43.15;0.06808
43.17;0.06979
43.19;0.07257
43.2;0.07066
43.22;0.07322
43.24;0.07643
43.25;0.07911
43.27;0.08187
43.29;0.08583
43.3;0.08926
43.32;0.09237
43.34;0.07666
43.35;0.07346
43.37;0.07498
43.39;0.07823
43.4;0.08163
43.42;0.08386
43.44;0.08606
43.45;0.08947
43.47;0.09192
43.49;0.09408
43.5;0.0973
43.52;0.09991
43.54;0.09968
43.55;0.1007
43.57;0.106
43.59;0.1085
43.6;0.1135
43.62;0.1176
43.64;0.1036
43.65;0.01605
43.67;0.0208
43.69;0.02338
43.7;0.02546
43.72;0.02827
43.74;0.03141
43.75;0.03235
43.77;0.03401
43.79;0.0364
43.8;0.03896
43.82;0.04095
43.84;0.04404
43.86;0.04707
43.87;0.04919
43.89;0.05081
43.91;0.05379
43.92;0.05265
43.94;0.05292
43.96;0.05824
43.97;0.06218
43.99;0.06545
44.01;0.06787
44.02;0.07095
44.04;0.07378
44.06;0.07601
44.07;0.0798
44.09;0.08233
44.11;0.08524
44.12;0.08958
44.14;0.09287
44.16;0.09542
44.17;0.09862
44.19;0.1022
44.21;0.1063
44.22;0.1089
44.24;0.1127
44.26;0.1146
44.27;0.1168
44.29;0.1208
44.31;0.1249
44.32;0.1282
44.34;0.1311
44.36;0.1343
44.37;0.06763
44.39;0.0446
44.41;0.04748
44.42;0.04904
44.44;0.05079
44.46;0.05293
44.47;0.05578
44.49;0.05789
44.51;0.06205
44.52;0.06511
44.54;0.06835
44.56;0.07076
44.57;0.06885
44.59;0.06754
44.61;0.0704
44.63;0.07301
44.64;0.07629
44.66;0.07842
44.68;0.08002
44.69;0.08422
44.71;0.08672
44.73;0.08997
44.74;0.09285
44.76;0.09579
44.78;0.09884
44.79;0.1027
44.81;0.1058
44.83;0.1097
44.84;0.1134
44.86;0.1166
44.88;0.1201
44.89;0.101
44.91;0.04046
44.93;0.04312
44.94;0.0449
44.96;0.04408
44.98;0.0454
44.99;0.049
45.01;0.0543
45.03;0.05697
45.04;0.05999
45.06;0.06366
45.08;0.06691
45.09;0.0705
45.11;0.07415
45.13;0.07737
45.14;0.0815
45.16;0.08347
45.18;0.08516
45.19;0.08854
45.21;0.09155
45.23;0.09443
45.24;0.09753
45.26;0.1001
45.28;0.1016
45.29;0.1046
45.31;0.1042
45.33;0.1082
45.34;0.1108
45.36;0.1154
45.38;0.1194
45.4;0.1239
45.41;0.1277
45.43;0.1327
45.45;0.1366
45.46;0.1404
45.48;0.1435
45.5;0.1479
45.51;0.1514
45.53;0.1557
45.55;0.1615
45.56;0.1452
45.58;0.05441
45.6;0.05568
45.61;0.05622
45.63;0.0593
45.65;0.06214
45.66;0.06485
45.68;0.06792
45.7;0.0713
45.71;0.07346
45.73;0.07662
45.75;0.07871
45.76;0.08078
45.78;0.08433
45.8;0.08671
45.81;0.08856
45.83;0.09093
45.85;0.09248
45.86;0.09483
45.88;0.09678
45.9;0.09805
45.91;0.09685
45.93;0.0989
45.95;0.1022
45.96;0.1047
45.98;0.1068
46;0.1098
46.01;0.1134
46.03;0.1164
46.05;0.1188
46.06;0.1224
46.08;0.1262
46.1;0.13
46.11;0.1342
46.13;0.1377
46.15;0.1414
46.16;0.08004
46.18;0.07284
46.2;0.07511
46.21;0.07818
46.23;0.08082
46.25;0.08024
46.26;0.07947
46.28;0.08278
46.3;0.08527
46.31;0.08796
46.33;0.09059
46.35;0.09554
46.36;0.09818
46.38;0.1006
46.4;0.1044
46.41;0.1056
46.43;0.1087
46.45;0.1118
46.47;0.1158
46.48;0.1182
46.5;0.1228
46.52;0.1258
46.53;0.1276
46.55;0.1316
46.57;0.1327
46.58;0.1331
46.6;0.1357
46.62;0.1381
46.63;0.1435
46.65;0.1477
46.67;0.1504
46.68;0.1544
46.7;0.158
46.72;0.1608
46.73;0.1651
46.75;0.1683
46.77;0.1691
46.78;0.1725
46.8;0.1748
46.82;0.1509
46.83;0.05719
46.85;0.05843
46.87;0.05822
46.88;0.05651
46.9;0.0575
46.92;0.05907
46.93;0.06048
46.95;0.06207
46.97;0.06297
46.98;0.06558
47;0.06772
47.02;0.07026
47.03;0.07133
47.05;0.07386
47.07;0.0762
47.08;0.07821
47.1;0.08183
47.12;0.08293
47.14;0.08542
47.15;0.08819
47.17;0.08853
47.19;0.08895
47.2;0.09253
47.22;0.09635
47.24;0.09945
47.25;0.1027
47.27;0.1057
47.29;0.1098
47.3;0.1117
47.32;0.1152
47.34;0.1184
47.35;0.0911
47.37;0.06805
47.39;0.07089
47.4;0.07339
47.42;0.07632
47.44;0.07983
47.45;0.08427
47.47;0.08717
47.49;0.0903
47.5;0.09369
47.52;0.09613
47.54;0.09929
47.55;0.104
47.57;0.1104
47.59;0.1146
47.6;0.1203
47.62;0.1259
47.64;0.1306
47.65;0.1367
47.67;0.142
47.69;0.1476
47.7;0.1525
47.72;0.1573
47.74;0.1621
47.75;0.1667
47.77;0.1723
47.79;0.1778
47.8;0.1824
47.82;0.1847
47.84;0.1459
47.85;0.1115
47.87;0.1158
47.89;0.1202
47.9;0.1235
47.92;0.1267
47.94;0.1307
47.95;0.135
47.97;0.1385
47.99;0.1429
48.01;0.1473
48.02;0.1499
48.04;0.1535
48.06;0.1585
48.07;0.1619
48.09;0.1664
48.11;0.1694
48.12;0.1731
48.14;0.1763
48.16;0.1785
48.17;0.1813
48.19;0.1871
48.21;0.1917
48.22;0.1971
48.24;0.2026
48.26;0.2077
48.27;0.2117
48.29;0.2154
48.31;0.219
48.32;0.2217
48.34;0.2257
48.36;0.2285
48.37;0.2318
48.39;0.2356
48.41;0.2377
48.42;0.2405
48.44;0.2003
48.46;0.1419
48.47;0.144
48.49;0.1452
48.51;0.147
48.52;0.1488
48.54;0.1505
48.56;0.153
48.57;0.1534
48.59;0.1542
48.61;0.1536
48.63;0.1553
48.64;0.1577
48.66;0.1586
48.68;0.1591
48.69;0.1603
48.71;0.1623
48.73;0.1597
48.74;0.1591
48.76;0.1605
48.78;0.1637
48.79;0.1663
48.81;0.1681
48.83;0.1699
48.84;0.1722
48.86;0.1745
48.88;0.1765
48.89;0.1793
48.91;0.1821
48.93;0.1853
48.94;0.1885
48.96;0.1915
48.98;0.1554
48.99;0.1212
49.01;0.1216
49.03;0.1201
49.04;0.1236
49.06;0.1265
49.08;0.1297
49.09;0.1315
49.11;0.1349
49.13;0.1381
49.14;0.141
49.16;0.144
49.18;0.145
49.19;0.1488
49.21;0.1511
49.23;0.1518
49.24;0.1542
49.26;0.1567
49.28;0.159
49.29;0.1621
49.31;0.1622
49.33;0.1618
49.34;0.1653
49.36;0.1679
49.38;0.1704
49.39;0.1739
49.41;0.1768
49.43;0.1805
49.44;0.1837
49.46;0.185
49.48;0.1881
49.5;0.1908
49.51;0.1929
49.53;0.1966
49.55;0.1992
49.56;0.2027
49.58;0.2059
49.6;0.1791
49.61;0.1025
49.63;0.1068
49.65;0.108
49.66;0.1117
49.68;0.1141
49.7;0.1165
49.71;0.1191
49.73;0.1221
49.75;0.1244
49.76;0.1264
49.78;0.1292
49.8;0.1323
49.81;0.1355
49.83;0.1376
49.85;0.1397
49.86;0.1418
49.88;0.1429
49.9;0.1402
49.91;0.142
49.93;0.1446
49.95;0.1484
49.96;0.1539
49.98;0.1559
50;0.1612
50.01;0.1641
50.03;0.1668
50.05;0.17
50.06;0.1729
50.08;0.1752
50.1;0.1782
50.11;0.1813
50.13;0.1833
50.15;0.187
50.16;0.1913
50.18;0.193
50.2;0.1956
50.21;0.1957
50.23;0.1974
50.25;0.2009
50.26;0.2048
50.28;0.2102
50.3;0.2142
50.31;0.2175
50.33;0.2214
50.35;0.1393
50.36;0.1382
50.38;0.1412
50.4;0.1458
50.41;0.1481
50.43;0.1512
50.45;0.1529
50.47;0.1534
50.48;0.1543
50.5;0.1565
50.52;0.1603
50.53;0.1621
50.55;0.166
50.57;0.1681
50.58;0.1695
50.6;0.1709
50.62;0.1737
50.63;0.1761
50.65;0.1793
50.67;0.1807
50.68;0.1839
50.7;0.1854
50.72;0.1889
50.73;0.1899
50.75;0.1929
50.77;0.1932
50.78;0.1971
50.8;0.1391
50.82;0.1134
50.83;0.115
50.85;0.1175
50.87;0.1202
50.88;0.1234
50.9;0.1254
50.92;0.1275
50.93;0.1298
50.95;0.1335
50.97;0.1355
50.98;0.1387
51;0.1414
51.02;0.1442
51.03;0.1433
51.05;0.1437
51.07;0.1474
51.08;0.1515
51.1;0.1545
51.12;0.1565
51.13;0.1615
51.15;0.1659
51.17;0.1695
51.18;0.1728
51.2;0.1752
51.22;0.178
51.23;0.1813
51.25;0.184
51.27;0.1871
51.28;0.1897
51.3;0.1886
51.32;0.1909
51.33;0.1949
51.35;0.1989
51.37;0.1741
51.38;0.1268
51.4;0.1303
51.42;0.1328
51.43;0.1352
51.45;0.1358
51.47;0.1382
51.48;0.1424
51.5;0.1439
51.52;0.1472
51.53;0.1511
51.55;0.1498
51.57;0.153
51.58;0.1564
51.6;0.1612
51.62;0.166
51.63;0.1687
51.65;0.1729
51.67;0.1765
51.68;0.1809
51.7;0.1854
51.72;0.1895
51.73;0.1946
51.75;0.2006
51.77;0.2052
51.78;0.209
51.8;0.2126
51.82;0.2177
51.84;0.2214
51.85;0.2219
51.87;0.2247
51.89;0.2293
51.9;0.2339
51.92;0.239
51.94;0.2446
51.95;0.2424
51.97;0.1048
51.99;0.1116
52;0.1155
52.02;0.1169
52.04;0.118
52.05;0.12
52.07;0.1203
52.09;0.123
52.1;0.1251
52.12;0.1236
52.14;0.1268
52.15;0.1297
52.17;0.1338
52.19;0.1374
52.2;0.1402
52.22;0.1433
52.24;0.146
52.25;0.1494
52.27;0.1509
52.29;0.1543
52.3;0.158
52.32;0.1613
52.34;0.1649
52.35;0.165
52.37;0.167
52.39;0.1694
52.4;0.1678
52.42;0.1698
52.44;0.1734
52.45;0.1776
52.47;0.1824
52.49;0.1853
52.5;0.1884
52.52;0.1936
52.54;0.1971
52.55;0.2006
52.57;0.2041
52.59;0.2068
52.6;0.212
52.62;0.2148
52.64;0.2149
52.65;0.2173
52.67;0.2213
52.69;0.2252
52.7;0.1589
52.72;0.119
52.74;0.1217
52.75;0.1244
52.77;0.1277
52.79;0.1309
52.8;0.1342
52.82;0.1374
52.84;0.1401
52.85;0.1428
52.87;0.1465
52.89;0.1489
52.9;0.1507
52.92;0.1534
52.94;0.1518
52.95;0.1534
52.97;0.1558
52.99;0.1588
53.01;0.1629
53.02;0.1667
53.04;0.1691
53.06;0.1735
53.07;0.1765
53.09;0.1802
53.11;0.1846
53.12;0.189
53.14;0.1939
53.16;0.1978
53.17;0.2018
53.19;0.2035
53.21;0.2067
53.22;0.208
53.24;0.2086
53.26;0.2125
53.27;0.2159
53.29;0.219
53.31;0.2225
53.33;0.2276
53.34;0.2326
53.36;0.2377
53.38;0.2416
53.39;0.2463
53.41;0.2503
53.43;0.2179
53.44;0.1296
53.46;0.1336
53.48;0.1362
53.49;0.1389
53.51;0.1434
53.53;0.1472
53.54;0.1513
53.56;0.1554
53.58;0.1558
53.59;0.1583
53.61;0.1609
53.63;0.1655
53.64;0.1694
53.66;0.1731
53.68;0.1777
53.69;0.1824
53.71;0.1875
53.73;0.1897
53.74;0.1924
53.76;0.1953
53.78;0.194
53.79;0.1975
53.81;0.1992
53.83;0.2028
53.84;0.2064
53.86;0.2102
53.88;0.2128
53.89;0.2122
53.91;0.215
53.93;0.2184
53.94;0.2224
53.96;0.2249
53.98;0.2278
54;0.2324
54.01;0.2356
54.03;0.2388
54.05;0.243
54.06;0.2456
54.08;0.2525
54.1;0.2574
54.11;0.2632
54.13;0.1715
54.15;0.165
54.16;0.1662
54.18;0.1655
54.2;0.1652
54.21;0.1668
54.23;0.1707
54.25;0.1739
54.26;0.1763
54.28;0.1788
54.3;0.182
54.31;0.184
54.33;0.1864
54.35;0.1905
54.36;0.1916
54.38;0.1946
54.4;0.1977
54.41;0.1979
54.43;0.2005
54.45;0.2044
54.46;0.2062
54.48;0.2093
54.5;0.2131
54.51;0.2167
54.53;0.2206
54.55;0.2217
54.56;0.2222
54.58;0.2256
54.6;0.2285
54.61;0.233
54.63;0.2375
54.65;0.2413
54.66;0.2451
54.68;0.2489
54.7;0.2535
54.71;0.2579
54.73;0.2619
54.75;0.2657
54.76;0.2713
54.78;0.2756
54.8;0.2419
54.81;0.1739
54.83;0.1755
54.85;0.176
54.86;0.1785
54.88;0.1809
54.9;0.1833
54.91;0.187
54.93;0.1886
54.95;0.1926
54.96;0.1964
54.98;0.1999
55;0.203
55.01;0.2062
55.03;0.2095
55.05;0.2141
55.06;0.2172
55.08;0.2189
55.1;0.2227
55.12;0.2247
55.13;0.2239
55.15;0.2265
55.17;0.2303
55.18;0.2334
55.2;0.2365
55.22;0.2391
55.23;0.2421
55.25;0.2459
55.27;0.2492
55.28;0.2533
55.3;0.2578
55.32;0.2595
55.33;0.2621
55.35;0.266
55.37;0.2703
55.38;0.2737
55.4;0.2776
55.42;0.2811
55.43;0.2847
55.45;0.2869
55.47;0.2893
55.48;0.293
55.5;0.2971
55.52;0.3017
55.53;0.3067
55.55;0.3107
55.57;0.3152
55.58;0.3195
55.6;0.1974
55.62;0.1256
55.63;0.1291
55.65;0.1316
55.67;0.1336
55.68;0.1362
55.7;0.1391
55.72;0.1411
55.73;0.1422
55.75;0.1451
55.77;0.1486
55.78;0.1511
55.8;0.1546
55.82;0.157
55.83;0.1586
55.85;0.1622
55.87;0.1653
55.88;0.1675
55.9;0.1699
55.92;0.1735
55.93;0.1761
55.95;0.1802
55.97;0.1836
55.98;0.1841
56;0.1866
56.02;0.1898
56.04;0.1944
56.05;0.1977
56.07;0.2013
56.09;0.205
56.1;0.2091
56.12;0.2125
56.14;0.2172
56.15;0.2199
56.17;0.2244
56.19;0.2278
56.2;0.2316
56.22;0.2366
56.24;0.238
56.25;0.2397
56.27;0.2436
56.29;0.1792
56.3;0.121
56.32;0.1219
56.34;0.1244
56.35;0.1247
56.37;0.128
56.39;0.1301
56.4;0.1322
56.42;0.1356
56.44;0.1383
56.45;0.1405
56.47;0.1422
56.49;0.1415
56.5;0.1404
56.52;0.1442
56.54;0.1471
56.55;0.1492
56.57;0.152
56.59;0.1555
56.6;0.159
56.62;0.1606
56.64;0.1638
56.65;0.1683
56.67;0.1718
56.69;0.1737
56.7;0.1769
56.72;0.1794
56.74;0.181
56.75;0.1803
56.77;0.1803
56.79;0.1827
56.81;0.1863
56.82;0.1899
56.84;0.193
56.86;0.1956
56.87;0.1992
56.89;0.202
56.91;0.2044
56.92;0.1319
56.94;0.1074
56.96;0.1093
56.97;0.1116
56.99;0.1133
57.01;0.1165
57.02;0.1168
57.04;0.1197
57.06;0.1163
57.07;0.1165
57.09;0.1202
57.11;0.1225
57.12;0.1235
57.14;0.1266
57.16;0.1292
57.17;0.1314
57.19;0.1344
57.21;0.1372
57.22;0.1401
57.24;0.1448
57.26;0.1476
57.27;0.1516
57.29;0.1547
57.31;0.1573
57.32;0.1605
57.34;0.1632
57.36;0.1675
57.37;0.1699
57.39;0.1711
57.41;0.171
57.43;0.1035
57.44;0.09076
57.46;0.09543
57.48;0.09823
57.49;0.1001
57.51;0.1028
57.53;0.1065
57.54;0.1099
57.56;0.1131
57.58;0.1153
57.59;0.1185
57.61;0.1188
57.63;0.1203
57.64;0.1231
57.66;0.1257
57.68;0.1293
57.69;0.1303
57.71;0.1345
57.73;0.136
57.74;0.1374
57.76;0.1391
57.78;0.1404
57.79;0.1416
57.81;0.1427
57.83;0.1447
57.84;0.1468
57.86;0.1456
57.88;0.1465
57.89;0.1489
57.91;0.1523
57.93;0.1548
57.94;0.1572
57.96;0.1602
57.98;0.1644
57.99;0.1687
58.01;0.1729
58.03;0.1772
58.04;0.1823
58.06;0.1867
58.08;0.1913
58.09;0.1974
58.11;0.1991
58.13;0.2017
58.14;0.06671
58.16;0.07353
58.18;0.07707
58.19;0.07784
58.21;0.08169
58.23;0.0843
58.24;0.08729
58.26;0.08942
58.28;0.09189
58.29;0.09439
58.31;0.09552
58.33;0.09771
58.34;0.09894
58.36;0.09979
58.38;0.102
58.39;0.104
58.41;0.1082
58.43;0.1102
58.44;0.1145
58.46;0.1171
58.48;0.1208
58.49;0.1257
58.51;0.1297
58.53;0.1349
58.54;0.1385
58.56;0.1432
58.58;0.1447
58.59;0.1475
58.61;0.1529
58.63;0.1595
58.65;0.1632
58.66;0.1696
58.68;0.1761
58.7;0.1808
58.71;0.1854
58.73;0.1911
58.75;0.1962
58.76;0.1064
58.78;0.07434
58.8;0.07523
58.81;0.07828
58.83;0.07794
58.85;0.07787
58.86;0.07972
58.88;0.08203
58.9;0.08514
58.91;0.08906
58.93;0.09226
58.95;0.0949
58.96;0.09725
58.98;0.09986
59;0.1018
59.01;0.1045
59.03;0.108
59.05;0.1098
59.06;0.1131
59.08;0.1116
59.1;0.1153
59.11;0.1206
59.13;0.1266
59.15;0.1315
59.16;0.1353
59.18;0.1392
59.2;0.1455
59.21;0.1505
59.23;0.1557
59.25;0.05785
59.26;0.03501
59.28;0.03629
59.3;0.03891
59.31;0.04077
59.33;0.04146
59.35;0.04189
59.36;0.04452
59.38;0.0468
59.4;0.04997
59.41;0.05269
59.43;0.05698
59.45;0.06027
59.46;0.06287
59.48;0.06704
59.5;0.06998
59.51;0.07407
59.53;0.07685
59.55;0.0793
59.56;0.0814
59.58;0.08352
59.6;0.08796
59.61;0.0929
59.63;0.09796
59.65;0.1017
59.66;0.1072
59.68;0.1127
59.7;0.1188
59.71;0.1233
59.73;0.1287
59.75;0.1336
59.76;0.1391
59.78;0.1444
59.8;0.1497
59.81;0.1523
59.83;0.1575
59.85;0.1645
59.86;0.17
59.88;0.1771
59.9;0.1821
59.91;0.1888
59.93;-0.006462
59.95;-0.01142
59.97;-0.008717
59.98;-0.007174
60;-0.004234
60.02;-0.001081
60.03;9.174E-4
60.05;0.004088
60.07;0.005812
60.08;0.007388
60.1;0.007079
60.12;0.008174
60.13;0.0107
60.15;0.01182
60.17;0.01347
60.18;0.01652
60.2;0.01696
60.22;0.02127
60.23;0.02291
60.25;0.0266
60.27;0.02992
60.28;0.03397
60.3;0.03516
60.32;0.03851
60.33;0.04128
60.35;0.04416
60.37;0.04569
60.38;0.04625
60.4;0.05004
60.42;0.05476
60.43;0.05971
60.45;0.06404
60.47;0.06873
60.48;0.07348
60.5;0.07998
60.52;0.08382
60.53;0.08885
60.55;0.04231
60.57;0.01784
60.58;0.02132
60.6;0.02557
60.62;0.02875
60.63;0.02911
60.65;0.0332
60.67;0.03766
60.68;0.04243
60.7;0.04734
60.72;0.05219
60.73;0.05788
60.75;0.06334
60.77;0.06761
60.78;0.07241
60.8;0.07901
60.82;0.085
60.83;0.09202
60.85;0.09788
60.87;0.1034
60.88;0.1061
60.9;0.1096
60.92;0.1171
60.93;0.1253
60.95;0.1128
60.97;0.09399
60.98;0.09689
61;0.1032
61.02;0.1062
61.03;0.1118
61.05;0.1161
61.07;0.122
61.08;0.1279
61.1;0.1345
61.12;0.1405
61.13;0.1466
61.15;0.1531
61.17;0.1557
61.18;0.1581
61.2;0.1441
61.22;0.1487
61.23;0.1533
61.25;0.09187
61.27;0.07949
61.28;0.082
61.3;0.08542
61.32;0.08845
61.33;0.09135
61.35;0.09489
61.37;0.09819
61.38;0.1004
61.4;0.1037
61.42;0.1045
61.43;0.0836
61.45;0.08293
61.47;0.08738
61.48;0.09059
61.5;0.09226
61.52;0.09537
61.53;0.09803
61.55;0.09944
61.57;0.1025
61.58;0.105
61.6;0.1097
61.62;0.1138
61.63;0.1163
61.65;0.12
61.67;0.1245
61.68;0.1285
61.7;0.1292
61.72;0.1334
61.73;0.1377
61.75;0.1411
61.77;0.1459
61.78;0.1505
61.8;0.1414
61.82;0.02311
61.83;0.02802
61.85;0.03113
61.87;0.0342
61.88;0.03809
61.9;0.04023
61.92;0.0421
61.94;0.04499
61.95;0.0467
61.97;0.04669
61.99;0.04947
62;0.05407
62.02;0.05578
62.04;0.06022
62.05;0.06247
62.07;0.06657
62.09;0.06956
62.1;0.07376
62.12;0.07732
62.14;0.08093
62.15;0.08649
62.17;0.09001
62.19;0.0935
62.2;0.09579
62.22;0.101
62.24;0.1032
62.25;0.1024
62.27;0.1051
62.29;0.1097
62.3;0.1137
62.32;0.1192
62.34;0.1233
62.35;0.1276
62.37;0.1306
62.39;0.1342
62.4;0.07676
62.42;0.05416
62.44;0.05605
62.45;0.05915
62.47;0.06247
62.49;0.0654
62.5;0.06847
62.52;0.06779
62.54;0.06871
62.55;0.07239
62.57;0.07576
62.59;0.07776
62.6;0.08123
62.62;0.08331
62.64;0.0865
62.65;0.08892
62.67;0.09221
62.69;0.0941
62.7;0.0979
62.72;0.09951
62.74;0.1025
62.75;0.1051
62.77;0.1088
62.79;0.1119
62.8;0.1135
62.82;0.1158
62.84;0.1188
62.85;0.1229
62.87;0.1263
62.89;0.1305
62.91;0.1344
62.92;0.1393
62.94;0.1441
62.96;0.1483
62.97;0.1521
62.99;0.1555
63.01;0.1605
63.02;0.1654
63.04;0.1707
63.06;0.1764
63.07;0.1791
63.09;0.1832
63.11;0.1892
63.12;0.06484
63.14;0.05483
63.16;0.05551
63.17;0.05845
63.19;0.06167
63.21;0.06449
63.22;0.06724
63.24;0.06946
63.26;0.07161
63.27;0.07431
63.29;0.07645
63.31;0.07891
63.32;0.07901
63.34;0.08013
63.36;0.08335
63.37;0.08528
63.39;0.08833
63.41;0.09138
63.42;0.09371
63.44;0.09718
63.46;0.1005
63.47;0.1015
63.49;0.1038
63.51;0.1056
63.52;0.1088
63.54;0.112
63.56;0.1144
63.57;0.1154
63.59;0.1196
63.61;0.122
63.62;0.1211
63.64;0.1221
63.66;0.1264
63.67;0.1304
63.69;0.1336
63.71;0.1379
63.72;0.1404
63.74;0.1444
63.76;0.06101
63.77;0.04506
63.79;0.04639
63.81;0.04812
63.82;0.05067
63.84;0.0519
63.86;0.05316
63.87;0.05203
63.89;0.05274
63.91;0.05542
63.92;0.05763
63.94;0.05951
63.96;0.06196
63.97;0.06387
63.99;0.06614
64.01;0.06904
64.02;0.07278
64.04;0.0757
64.06;0.07828
64.07;0.08105
64.09;0.08229
64.11;0.08334
64.12;0.08407
64.14;0.08666
64.16;0.08916
64.17;0.09085
64.19;0.09428
64.21;0.09708
64.22;0.1009
64.24;0.1038
64.26;0.1064
64.27;0.1095
64.29;0.1124
64.31;0.115
64.32;0.1185
64.34;0.1219
64.36;0.1253
64.37;0.1268
64.39;0.1305
64.41;0.1328
64.42;0.1288
64.44;0.1311
64.46;0.1343
64.47;0.1384
64.49;0.143
64.51;0.1471
64.52;0.1511
64.54;0.1563
64.56;0.161
64.58;0.1334
64.59;0.03517
64.61;0.03668
64.63;0.0393
64.64;0.04132
64.66;0.04015
64.68;0.04036
64.69;0.04393
64.71;0.04621
64.73;0.04828
64.74;0.05058
64.76;0.05329
64.78;0.05559
64.79;0.05905
64.81;0.06063
64.83;0.06393
64.84;0.06539
64.86;0.06761
64.88;0.06953
64.89;0.07124
64.91;0.07354
64.93;0.0745
64.94;0.07767
64.96;0.07993
64.98;0.07711
64.99;0.07837
65.01;0.08212
65.03;0.05457
65.04;0.03945
65.06;0.04084
65.08;0.04265
65.09;0.04459
65.11;0.04689
65.13;0.04875
65.14;0.05068
65.16;0.05324
65.18;0.0543
65.19;0.056
65.21;0.05919
65.23;0.06113
65.24;0.06469
65.26;0.06453
65.28;0.06419
65.29;0.06519
65.31;0.06838
65.33;0.07199
65.34;0.07564
65.36;0.07901
65.38;0.08266
65.39;0.08385
65.41;0.08834
65.43;0.0902
65.45;0.0934
65.46;0.09692
65.48;0.1003
65.5;0.1042
65.51;0.1076
65.53;0.1118
65.55;0.1152
65.56;0.1207
65.58;0.1252
65.6;0.1268
65.61;0.1296
65.63;0.1349
65.65;0.1397
65.66;0.1457
65.68;0.1512
65.7;0.1565
65.71;0.1611
65.73;0.1667
65.75;0.1732
65.76;0.1795
65.78;0.1849
65.8;0.1906
65.81;0.198
65.83;0.1666
65.85;0.00457
65.86;0.007767
65.88;0.009757
65.9;0.01233
65.91;0.01478
65.93;0.01627
65.95;0.01281
65.96;0.01532
65.98;0.02003
66;0.02382
66.01;0.02586
66.03;0.02852
66.05;0.03216
66.06;0.03666
66.08;0.04067
66.1;0.0443
66.11;0.04691
66.13;0.05044
66.15;0.05495
66.16;0.06024
66.18;0.06493
66.2;0.06968
66.21;0.07433
66.23;0.07808
66.25;0.08359
66.26;0.08783
66.28;0.09187
66.3;0.09391
66.31;0.09815
66.33;0.1033
66.35;0.1086
66.36;0.09624
66.38;0.02877
66.4;0.03252
66.41;0.03717
66.43;0.04219
66.45;0.04644
66.46;0.0501
66.48;0.05454
66.5;0.05923
66.51;0.06317
66.53;0.0673
66.55;0.07072
66.56;0.07505
66.58;0.07933
66.6;0.08448
66.62;0.08674
66.63;0.08699
66.65;0.09193
66.67;0.09787
66.68;0.1037
66.7;0.1078
66.72;0.1125
66.73;0.1171
66.75;0.1172
66.77;0.1155
66.78;0.1202
66.8;0.1256
66.82;0.1312
66.83;0.1368
66.85;0.1425
66.87;0.1468
66.88;0.1533
66.9;0.158
66.92;0.1642
66.93;0.1691
66.95;0.174
66.97;0.1785
66.98;0.1837
67;0.1872
67.02;0.1903
67.03;0.1944
67.05;0.2006
67.07;0.2064
67.08;0.2104
67.1;0.2151
67.12;0.2208
67.13;0.2264
67.15;0.2319
67.17;0.2363
67.18;0.2415
67.2;0.2472
67.22;0.2518
67.23;0.2491
67.25;0.08263
67.27;0.08817
67.28;0.0896
67.3;0.09163
67.32;0.09351
67.33;0.09619
67.35;0.09766
67.37;0.09592
67.39;0.09707
67.4;0.09985
67.42;0.1025
67.44;0.1048
67.45;0.1064
67.47;0.1093
67.49;0.1127
67.5;0.1141
67.52;0.1164
67.54;0.1188
67.55;0.1215
67.57;0.124
67.59;0.1274
67.6;0.1291
67.62;0.1301
67.64;0.1326
67.65;0.1362
67.67;0.1387
67.69;0.1379
67.7;0.1391
67.72;0.1422
67.74;0.1455
67.75;0.1477
67.77;0.1475
67.79;0.1431
67.8;0.1459
67.82;0.1502
67.84;0.153
67.85;0.157
67.87;0.161
67.89;0.1649
67.9;0.1699
67.92;0.1737
67.94;0.1779
67.95;0.1821
67.97;0.1859
67.99;0.192
68;0.1955
68.02;0.1996
68.04;0.2026
68.05;0.2029
68.07;0.2041
68.09;0.2086
68.1;0.2136
68.12;0.2175
68.14;0.1309
68.15;0.08482
68.17;0.08719
68.19;0.0908
68.2;0.09269
68.22;0.09487
68.24;0.09675
68.25;0.09918
68.27;0.1017
68.29;0.106
68.3;0.1077
68.32;0.1103
68.34;0.1125
68.35;0.116
68.37;0.117
68.39;0.1199
68.4;0.1222
68.42;0.1259
68.44;0.1289
68.46;0.129
68.47;0.1308
68.49;0.1348
68.51;0.137
68.52;0.141
68.54;0.1423
68.56;0.1467
68.57;0.1496
68.59;0.1517
68.61;0.1537
68.62;0.156
68.64;0.1607
68.66;0.1633
68.67;0.1673
68.69;0.1704
68.71;0.1733
68.72;0.1771
68.74;0.1797
68.76;0.1823
68.77;0.1854
68.79;0.1856
68.81;0.1877
68.82;0.1887
68.84;0.09358
68.86;0.09875
68.88;0.1005
68.89;0.1033
68.91;0.1065
68.93;0.1095
68.94;0.1116
68.96;0.1135
68.98;0.1161
68.99;0.119
69.01;0.1225
69.03;0.1243
69.04;0.1266
69.06;0.1288
69.08;0.1318
69.09;0.1351
69.11;0.1387
69.13;0.1415
69.14;0.1452
69.16;0.148
69.18;0.1509
69.19;0.1534
69.21;0.1559
69.23;0.1587
69.24;0.1566
69.26;0.1582
69.28;0.1617
69.29;0.1657
69.31;0.168
69.33;0.1711
69.34;0.1732
69.36;0.1757
69.38;0.1806
69.39;0.1826
69.41;0.1855
69.43;0.1883
69.44;0.1924
69.46;0.1969
69.48;0.1807
69.49;0.1261
69.51;0.1288
69.53;0.1315
69.54;0.1348
69.56;0.136
69.58;0.1391
69.59;0.1422
69.61;0.1453
69.63;0.1485
69.64;0.1516
69.66;0.1539
69.68;0.1557
69.69;0.1579
69.71;0.1569
69.73;0.1574
69.74;0.1603
69.76;0.1629
69.78;0.1645
69.79;0.1679
69.81;0.1711
69.83;0.1741
69.84;0.1768
69.86;0.178
69.88;0.181
69.89;0.1843
69.91;0.1872
69.93;0.1918
69.95;0.1945
69.96;0.1977
69.98;0.2002
70;0.2031
70.01;0.2074
70.03;0.2104
70.05;0.2124
70.06;0.2168
70.08;0.2195
70.1;0.2231
70.11;0.2264
70.13;0.2298
70.15;0.2325
70.16;0.2362
70.18;0.2389
70.2;0.204
70.21;0.1438
70.23;0.1485
70.25;0.1516
70.26;0.1532
70.28;0.156
70.3;0.1597
70.31;0.1632
70.33;0.1662
70.35;0.1687
70.36;0.1718
70.38;0.1737
70.4;0.1761
70.41;0.1803
70.43;0.1822
70.45;0.186
70.46;0.1896
70.48;0.1929
70.5;0.1948
70.52;0.1986
70.53;0.2019
70.55;0.2058
70.57;0.2095
70.58;0.2128
70.6;0.2164
70.62;0.22
70.63;0.2236
70.65;0.2273
70.67;0.2291
70.68;0.2267
70.7;0.2286
70.72;0.2334
70.73;0.2362
70.75;0.2387
70.77;0.2426
70.78;0.244
70.8;0.2477
70.82;0.2507
70.83;0.2531
70.85;0.2574
70.87;0.2605
70.88;0.2643
70.9;0.2675
70.92;0.2716
70.93;0.2746
70.95;0.2796
70.97;0.2836
70.98;0.287
71;0.2911
71.02;0.2951
71.03;0.2985
71.05;0.3048
71.07;0.3089
71.08;0.3143
71.1;0.1503
71.12;0.1583
71.13;0.1623
71.15;0.1642
71.17;0.1621
71.18;0.1644
71.2;0.166
71.22;0.1681
71.24;0.1703
71.25;0.1717
71.27;0.1751
71.29;0.1785
71.3;0.18
71.32;0.1817
71.34;0.1844
71.35;0.187
71.37;0.1898
71.39;0.193
71.4;0.1955
71.42;0.1976
71.44;0.2002
71.45;0.2034
71.47;0.2059
71.49;0.2098
71.5;0.2123
71.52;0.2145
71.54;0.2177
71.55;0.2214
71.57;0.2236
71.59;0.2262
71.6;0.2289
71.62;0.2323
71.64;0.2349
71.65;0.2337
71.67;0.2362
71.69;0.2395
71.7;0.243
71.72;0.2454
71.74;0.2497
71.75;0.2533
71.77;0.258
71.79;0.2615
71.8;0.2656
71.82;0.2698
71.84;0.2744
71.85;0.2784
71.87;0.2829
71.89;0.2872
71.9;0.2914
71.92;0.2907
71.94;0.146
71.95;0.1534
71.97;0.1564
71.99;0.1586
72;0.161
72.02;0.1626
72.04;0.1641
72.05;0.1667
72.07;0.1681
72.09;0.1716
72.1;0.1738
72.12;0.1764
72.14;0.177
72.16;0.1767
72.17;0.1788
72.19;0.1814
72.21;0.1842
72.22;0.1846
72.24;0.1873
72.26;0.1907
72.27;0.1925
72.29;0.1939
72.31;0.1947
72.32;0.1978
72.34;0.2005
72.36;0.2037
72.37;0.2063
72.39;0.2073
72.41;0.2078
72.42;0.2097
72.44;0.2128
72.46;0.2137
72.47;0.2169
72.49;0.2183
72.51;0.2215
72.52;0.2231
72.54;0.2256
72.56;0.2274
72.57;0.2215
72.59;0.2173
72.61;0.2179
72.62;0.2192
72.64;0.2182
72.66;0.216
72.67;0.2185
72.69;0.2199
72.71;0.2226
72.72;0.2258
72.74;0.2264
72.76;0.2286
72.77;0.2318
72.79;0.2346
72.81;0.1428
72.82;0.1301
72.84;0.132
72.86;0.1323
72.87;0.1335
72.89;0.1344
72.91;0.1351
72.92;0.1376
72.94;0.1394
72.96;0.1418
72.97;0.143
72.99;0.145
73.01;0.1477
73.02;0.1499
73.04;0.1527
73.06;0.1541
73.07;0.157
73.09;0.1592
73.11;0.1626
73.12;0.1647
73.14;0.1671
73.16;0.1699
73.18;0.1726
73.19;0.1727
73.21;0.1728
73.23;0.1748
73.24;0.1787
73.26;0.1807
73.28;0.1846
73.29;0.1874
73.31;0.1908
73.33;0.1927
73.34;0.1971
73.36;0.1994
73.38;0.2023
73.39;0.2059
73.41;0.2093
73.43;0.2125
73.44;0.1941
73.46;0.1559
73.48;0.1605
73.49;0.1636
73.51;0.1667
73.53;0.1693
73.54;0.1707
73.56;0.174
73.58;0.1782
73.59;0.1809
73.61;0.1829
73.63;0.1841
73.64;0.1836
73.66;0.1863
73.68;0.1895
73.69;0.1938
73.71;0.1961
73.73;0.1983
73.74;0.201
73.76;0.2046
73.78;0.2074
73.79;0.2089
73.81;0.2131
73.83;0.2177
73.84;0.2217
73.86;0.226
73.88;0.2311
73.89;0.2344
73.91;0.2374
73.93;0.2416
73.94;0.2457
73.96;0.2494
73.98;0.2516
73.99;0.2556
74.01;0.2615
74.03;0.2654
74.05;0.2692
74.06;0.2721
