Wavenumber (cm-1),Intensity
599.753,0.00149335
600.718,5.95E-04
601.682,-9.04E-05
602.646,-3.16E-04
603.61,3.32E-05
604.574,8.70E-04
605.539,0.00193733
606.503,0.00293936
607.467,0.00371059
608.431,0.00429992
609.396,0.00490935
610.36,0.00572088
611.324,0.0067394
612.288,0.00776744
613.253,0.00852866
614.217,0.00884539
615.181,0.00875692
616.145,0.00851735
617.109,0.00846118
618.074,0.00879091
619.038,0.00943184
620.002,0.0100776
620.966,0.0103779
621.931,0.0101122
622.895,0.00926736
623.859,0.00803039
624.823,0.00671692
625.788,0.00563954
626.752,0.00497078
627.716,0.0046868
628.68,0.00463313
629.645,0.00465116
630.609,0.00467739
631.573,0.00475892
632.537,0.00498725
633.501,0.00539788
634.466,0.00590301
635.43,0.00630984
636.394,0.00642097
637.358,0.0061507
638.323,0.00557573
639.287,0.00488256
640.251,0.00424808
641.215,0.00373721
642.18,0.00328804
643.144,0.00278797
644.108,0.0021774
645.072,0.00150573
646.036,9.04E-04
647.001,5.05E-04
647.965,3.74E-04
648.929,4.99E-04
649.893,8.25E-04
650.858,0.00125861
651.822,0.00174619
652.786,0.00219277
653.75,0.00249395
654.715,0.00258143
655.679,0.00246761
656.643,0.00224709
657.607,0.00204347
658.572,0.00193594
659.536,0.00192042
660.5,0.0019346
661.464,0.00193098
662.428,0.00192556
663.393,0.00197804
664.357,0.00214542
665.321,0.0024631
666.285,0.00294578
667.25,0.00356736
668.214,0.00419003
669.178,0.00457011
670.142,0.00461349
671.107,0.00445197
672.071,0.00419885
673.035,0.00387523
673.999,0.00348091
674.963,0.00305349
675.928,0.00268147
676.892,0.00246725
677.856,0.00245942
678.82,0.00262
679.785,0.00285808
680.749,0.00309606
681.713,0.00330604
682.677,0.00349712
683.642,0.003681
684.606,0.00385478
685.57,0.00401866
686.534,0.00421314
687.499,0.00453692
688.463,0.00511719
689.427,0.00603657
690.391,0.00727125
691.355,0.00868763
692.32,0.0100886
693.284,0.0112741
694.248,0.0120826
695.212,0.0124182
696.177,0.0122718
697.141,0.0117314
698.105,0.0109683
699.069,0.0101882
700.034,0.00956444
700.998,0.00918312
701.962,0.0090242
702.926,0.00898168
703.89,0.00891236
704.855,0.00868934
705.819,0.00823792
706.783,0.0075431
707.747,0.00663557
708.712,0.00557425
709.676,0.00443813
710.64,0.00332281
711.604,0.00232759
712.569,0.00152797
713.533,9.44E-04
714.497,5.33E-04
715.461,2.22E-04
716.426,-1.16E-05
717.39,-1.57E-04
718.354,-1.68E-04
719.318,3.02E-05
720.282,4.45E-04
721.247,9.79E-04
722.211,0.00147411
723.175,0.00180772
724.139,0.00195092
725.104,0.00196513
726.068,0.00195794
727.032,0.00203265
727.996,0.00225196
728.961,0.00262556
729.925,0.00312387
730.889,0.00370298
731.853,0.00432159
732.817,0.0049451
733.782,0.00554161
734.746,0.00608071
735.71,0.00653772
736.674,0.00690163
737.639,0.00718344
738.603,0.00742154
739.567,0.00768256
740.531,0.00805106
741.496,0.00860847
742.46,0.00940178
743.424,0.0104184
744.388,0.0115814
745.353,0.012773
746.317,0.0138737
747.281,0.0147941
748.245,0.0154792
749.209,0.0158893
750.174,0.0159802
751.138,0.0157073
752.102,0.0150569
753.066,0.0140834
754.031,0.0129127
754.995,0.0116978
755.959,0.01055
756.923,0.0094892
757.888,0.00845261
758.852,0.00735551
759.816,0.00616342
760.78,0.00492143
761.744,0.00372734
762.709,0.00267225
763.673,0.00179835
764.637,0.00109976
765.601,5.57E-04
766.566,1.69E-04
767.53,-5.13E-05
768.494,-1.04E-04
769.458,-2.97E-05
770.423,1.42E-04
771.387,3.18E-04
772.351,4.71E-04
773.315,6.51E-04
774.28,9.38E-04
775.244,0.00138867
776.208,0.0019938
777.172,0.00268094
778.136,0.00334388
779.101,0.00388131
780.065,0.00421835
781.029,0.00430769
781.993,0.00412542
782.958,0.00367656
783.922,0.0030085
784.886,0.00221753
785.85,0.00143187
786.815,7.73E-04
787.779,3.13E-04
788.743,5.79E-05
789.707,-4.46E-05
790.671,-6.90E-05
791.636,-7.53E-05
792.6,-8.71E-05
793.564,-9.39E-05
794.528,-7.06E-05
795.493,4.38E-07
796.457,1.14E-04
797.421,2.43E-04
798.385,3.47E-04
799.35,3.89E-04
800.314,3.45E-04
801.278,2.17E-04
802.242,3.58E-05
803.207,-1.47E-04
804.171,-2.68E-04
805.135,-2.74E-04
806.099,-1.42E-04
807.063,6.14E-05
808.028,3.54E-04
808.992,7.33E-04
809.956,0.00119276
810.92,0.00172784
811.885,0.00230532
812.849,0.0028482
813.813,0.00325458
814.777,0.00345066
815.742,0.00344504
816.706,0.00334362
817.67,0.0033035
818.634,0.00344978
819.598,0.00380776
820.563,0.00429174
821.527,0.00475982
822.491,0.0050944
823.455,0.00525748
824.42,0.00529256
825.384,0.00528114
826.348,0.00529362
827.312,0.0053635
828.277,0.00549498
829.241,0.00568596
830.205,0.00594754
831.169,0.00630722
832.134,0.0068012
833.098,0.00746068
834.062,0.00830166
835.026,0.00931864
835.99,0.0104867
836.955,0.0117707
837.919,0.0131349
838.883,0.0145442
839.847,0.01595
840.812,0.0172693
841.776,0.0183788
842.74,0.0191416
843.704,0.0194631
844.669,0.0193421
845.633,0.0188826
846.597,0.0182487
847.561,0.0175917
848.526,0.0169942
849.49,0.0164661
850.454,0.0159873
851.418,0.0155552
852.382,0.0152007
853.347,0.0149661
854.311,0.0148697
855.275,0.014891
856.239,0.0149865
857.204,0.0151193
858.168,0.0152738
859.132,0.0154484
860.096,0.0156392
861.061,0.0158339
862.025,0.016023
862.989,0.0162126
863.953,0.0164205
864.918,0.0166556
865.882,0.0168957
866.846,0.017092
867.81,0.0172001
868.774,0.017218
869.739,0.0171964
870.703,0.0172058
871.667,0.0172797
872.631,0.0173704
873.596,0.0173526
874.56,0.0170743
875.524,0.0164251
876.488,0.0153813
877.453,0.0140048
878.417,0.0124031
879.381,0.0106822
880.345,0.00891921
881.309,0.00716719
882.274,0.00547727
883.238,0.00391755
884.202,0.00256983
885.166,0.00150682
886.131,7.63E-04
887.095,3.15E-04
888.059,9.50E-05
889.023,1.03E-05
889.988,-2.26E-05
890.952,-4.39E-05
891.916,-5.56E-05
892.88,-4.16E-05
893.845,1.39E-05
894.809,1.11E-04
895.773,2.35E-04
896.737,3.64E-04
897.701,4.86E-04
898.666,6.11E-04
899.63,7.69E-04
900.594,0.00100163
901.558,0.00134184
902.523,0.00179657
903.487,0.00234328
904.451,0.00294234
905.415,0.0035592
906.38,0.00418466
907.344,0.00483852
908.308,0.00555958
909.272,0.00639284
910.237,0.0073904
911.201,0.00862606
912.165,0.0102101
913.129,0.0122809
914.093,0.0149628
915.058,0.0183071
916.022,0.0222457
916.986,0.0265868
917.95,0.0310543
918.915,0.0353475
919.879,0.0391875
920.843,0.0423328
921.807,0.0445737
922.772,0.0457296
923.736,0.0456692
924.7,0.0443509
925.664,0.0418572
926.628,0.0384001
927.593,0.0342879
928.557,0.0298638
929.521,0.0254446
930.485,0.0212745
931.45,0.0175078
932.414,0.0142138
933.378,0.0113976
934.342,0.00902529
935.307,0.00704555
936.271,0.00540311
937.235,0.00404427
938.199,0.00291993
939.164,0.00199022
940.128,0.00123149
941.092,6.40E-04
942.056,2.28E-04
943.02,4.54E-06
943.985,-2.70E-05
944.949,9.52E-05
945.913,3.17E-04
946.877,5.79E-04
947.842,8.24E-04
948.806,0.00100954
949.77,0.00111054
950.734,0.0011194
951.699,0.00105126
952.663,9.43E-04
953.627,8.44E-04
954.591,7.95E-04
955.555,8.10E-04
956.52,8.68E-04
957.484,9.29E-04
958.448,9.60E-04
959.412,9.49E-04
960.377,9.13E-04
961.341,8.83E-04
962.305,8.80E-04
963.269,9.09E-04
964.234,9.63E-04
965.198,0.00103612
966.162,0.00113361
967.126,0.00126375
968.091,0.00142643
969.055,0.00160232
970.019,0.00175549
970.983,0.00184917
971.947,0.00186564
972.912,0.00181646
973.876,0.00173633
974.84,0.00166341
975.804,0.00161859
976.769,0.00159817
977.733,0.00158584
978.697,0.00157698
979.661,0.00159826
980.626,0.00170485
981.59,0.00195177
982.554,0.00235313
983.518,0.00285532
984.482,0.00334569
985.447,0.00369708
986.411,0.00382478
987.375,0.0037232
988.339,0.00346136
989.304,0.00314183
990.268,0.00285028
991.232,0.00262491
992.196,0.00245866
993.161,0.002325
994.125,0.00220515
995.089,0.0021006
996.053,0.00202592
997.018,0.0019939
997.982,0.00200312
998.946,0.00203483
999.91,0.00205784
1000.87,0.00203739
1001.84,0.00194633
1002.8,0.00177851
1003.77,0.00155962
1004.73,0.0013496
1005.7,0.0012286
1006.66,0.00126957
1007.62,0.0015079
1008.59,0.0019245
1009.55,0.00245075
1010.52,0.00299257
1011.48,0.00345902
1012.45,0.00378119
1013.41,0.00391656
1014.37,0.00384535
1015.34,0.00356977
1016.3,0.00311883
1017.27,0.0025527
1018.23,0.00195493
1019.19,0.00141006
1020.16,9.76E-04
1021.12,6.67E-04
1022.09,4.61E-04
1023.05,3.21E-04
1024.02,2.21E-04
1024.98,1.57E-04
1025.94,1.34E-04
1026.91,1.47E-04
1027.87,1.72E-04
1028.84,1.75E-04
1029.8,1.28E-04
1030.77,3.53E-05
1031.73,-8.37E-05
1032.69,-1.81E-04
1033.66,-2.28E-04
1034.62,-2.31E-04
1035.59,-2.23E-04
1036.55,-2.36E-04
1037.52,-2.76E-04
1038.48,-3.15E-04
1039.44,-3.08E-04
1040.41,-2.27E-04
1041.37,-8.43E-05
1042.34,7.22E-05
1043.3,1.86E-04
1044.26,2.27E-04
1045.23,2.07E-04
1046.19,1.72E-04
1047.16,1.64E-04
1048.12,1.97E-04
1049.09,2.51E-04
1050.05,2.93E-04
1051.01,3.06E-04
1051.98,2.96E-04
1052.94,2.85E-04
1053.91,2.84E-04
1054.87,2.86E-04
1055.84,2.71E-04
1056.8,2.26E-04
1057.76,1.62E-04
1058.73,1.07E-04
1059.69,9.05E-05
1060.66,1.27E-04
1061.62,2.15E-04
1062.59,3.40E-04
1063.55,4.85E-04
1064.51,6.28E-04
1065.48,7.39E-04
1066.44,7.79E-04
1067.41,7.24E-04
1068.37,5.86E-04
1069.34,4.22E-04
1070.3,3.16E-04
1071.26,3.32E-04
1072.23,4.76E-04
1073.19,6.92E-04
1074.16,8.88E-04
1075.12,9.92E-04
1076.08,9.97E-04
1077.05,9.60E-04
1078.01,9.70E-04
1078.98,0.00108839
1079.94,0.00131444
1080.91,0.00158473
1081.87,0.00181408
1082.83,0.00194599
1083.8,0.00198243
1084.76,0.00197352
1085.73,0.00197778
1086.69,0.00202221
1087.66,0.00209016
1088.62,0.00214363
1089.58,0.00215946
1090.55,0.00215175
1091.51,0.00216298
1092.48,0.0022333
1093.44,0.00237337
1094.41,0.00256258
1095.37,0.00277171
1096.33,0.00299036
1097.3,0.00323587
1098.26,0.00353727
1099.23,0.00390731
1100.19,0.00432464
1101.15,0.00473971
1102.12,0.00510022
1103.08,0.00537924
1104.05,0.00558827
1105.01,0.00576864
1105.98,0.00596594
1106.94,0.0062024
1107.9,0.00646055
1108.87,0.00668841
1109.83,0.00682386
1110.8,0.00682582
1111.76,0.00669547
1112.73,0.00647553
1113.69,0.00622478
1114.65,0.00598784
1115.62,0.00577592
1116.58,0.0055741
1117.55,0.00536406
1118.51,0.00514598
1119.48,0.00494071
1120.44,0.00477308
1121.4,0.00465135
1122.37,0.0045609
1123.33,0.00447822
1124.3,0.00439362
1125.26,0.00432337
1126.22,0.00430172
1127.19,0.00435822
1128.15,0.00449757
1129.12,0.00469766
1130.08,0.00492714
1131.05,0.00516962
1132.01,0.00543708
1132.97,0.00576234
1133.94,0.00617515
1134.9,0.00667741
1135.87,0.00723217
1136.83,0.00777512
1137.8,0.00823888
1138.76,0.00857813
1139.72,0.00878219
1140.69,0.00887264
1141.65,0.0088952
1142.62,0.00891355
1143.58,0.00900821
1144.55,0.00927557
1145.51,0.00981752
1146.47,0.010722
1147.44,0.0120367
1148.4,0.0137489
1149.37,0.0157768
1150.33,0.01798
1151.29,0.0201845
1152.26,0.0222202
1153.22,0.0239616
1154.19,0.0253621
1155.15,0.0264699
1156.12,0.0274094
1157.08,0.0283346
1158.04,0.0293618
1159.01,0.030519
1159.97,0.0317315
1160.94,0.0328555
1161.9,0.0337389
1162.87,0.0342713
1163.83,0.0344015
1164.79,0.0341155
1165.76,0.0334071
1166.72,0.0322644
1167.69,0.0306883
1168.65,0.0287195
1169.62,0.0264491
1170.58,0.0239984
1171.54,0.0214825
1172.51,0.0189859
1173.47,0.0165654
1174.44,0.0142739
1175.4,0.012178
1176.36,0.0103536
1177.33,0.00885826
1178.29,0.00770571
1179.26,0.00685957
1180.22,0.00625138
1181.19,0.00580826
1182.15,0.00547344
1183.11,0.00520904
1184.08,0.00498773
1185.04,0.00478539
1186.01,0.00458395
1186.97,0.00438058
1187.94,0.00419235
1188.9,0.00404931
1189.86,0.00397917
1190.83,0.00399444
1191.79,0.00409101
1192.76,0.00425755
1193.72,0.00448708
1194.69,0.00478191
1195.65,0.00514962
1196.61,0.00559375
1197.58,0.00610606
1198.54,0.00666486
1199.51,0.00723864
1200.47,0.00779279
1201.43,0.00829545
1202.4,0.00872131
1203.36,0.00905516
1204.33,0.00929302
1205.29,0.00944247
1206.26,0.00952083
1207.22,0.00955268
1208.18,0.00956854
1209.15,0.0096045
1210.11,0.00970115
1211.08,0.00990131
1212.04,0.0102415
1213.01,0.0107446
1213.97,0.0114186
1214.93,0.0122638
1215.9,0.0132867
1216.86,0.0145093
1217.83,0.015967
1218.79,0.0176961
1219.76,0.0197194
1220.72,0.022043
1221.68,0.024665
1222.65,0.027593
1223.61,0.0308525
1224.58,0.0344799
1225.54,0.038498
1226.51,0.0428931
1227.47,0.047602
1228.43,0.052517
1229.4,0.0575018
1230.36,0.0624076
1231.33,0.0670893
1232.29,0.0714192
1233.25,0.075303
1234.22,0.078685
1235.18,0.0815445
1236.15,0.0838779
1237.11,0.0856815
1238.08,0.0869394
1239.04,0.0876235
1240,0.087705
1240.97,0.0871691
1241.93,0.0860296
1242.9,0.0843333
1243.86,0.0821512
1244.83,0.0795567
1245.79,0.0766046
1246.75,0.073326
1247.72,0.0697425
1248.68,0.0658921
1249.65,0.0618445
1250.61,0.0577005
1251.58,0.053572
1252.54,0.0495609
1253.5,0.0457448
1254.47,0.042175
1255.43,0.0388825
1256.4,0.0358872
1257.36,0.033209
1258.32,0.0308736
1259.29,0.028916
1260.25,0.0273721
1261.22,0.0262638
1262.18,0.025585
1263.15,0.0252976
1264.11,0.02534
1265.07,0.0256397
1266.04,0.0261264
1267,0.0267408
1267.97,0.0274353
1268.93,0.0281669
1269.9,0.0288848
1270.86,0.0295222
1271.82,0.0300025
1272.79,0.0302604
1273.75,0.0302606
1274.72,0.0300033
1275.68,0.029511
1276.65,0.0288122
1277.61,0.0279309
1278.57,0.0268914
1279.54,0.0257254
1280.5,0.0244787
1281.47,0.0232059
1282.43,0.0219588
1283.39,0.0207778
1284.36,0.0196895
1285.32,0.0187126
1286.29,0.0178632
1287.25,0.0171548
1288.22,0.0165905
1289.18,0.016156
1290.14,0.0158206
1291.11,0.0155495
1292.07,0.0153204
1293.04,0.0151328
1294,0.0150085
1294.97,0.0149812
1295.93,0.015085
1296.89,0.0153467
1297.86,0.0157832
1298.82,0.0164042
1299.79,0.017209
1300.75,0.0181797
1301.72,0.0192693
1302.68,0.0203968
1303.64,0.0214496
1304.61,0.0222984
1305.57,0.0228232
1306.54,0.0229448
1307.5,0.022648
1308.46,0.0219789
1309.43,0.0210193
1310.39,0.0198551
1311.36,0.0185638
1312.32,0.0172164
1313.29,0.0158804
1314.25,0.0146106
1315.21,0.0134316
1316.18,0.0123346
1317.14,0.011292
1318.11,0.0102817
1319.07,0.00930204
1320.04,0.0083686
1321,0.00749431
1321.96,0.00667727
1322.93,0.00590597
1323.89,0.00517448
1324.86,0.00449182
1325.82,0.0038777
1326.79,0.00334888
1327.75,0.00290682
1328.71,0.00253617
1329.68,0.00221511
1330.64,0.0019274
1331.61,0.00166782
1332.57,0.00143774
1333.53,0.00123798
1334.5,0.00106453
1335.46,9.10E-04
1336.43,7.64E-04
1337.39,6.21E-04
1338.36,4.77E-04
1339.32,3.35E-04
1340.28,2.05E-04
1341.25,9.93E-05
1342.21,2.35E-05
1343.18,-2.10E-05
1344.14,-3.46E-05
1345.11,-1.87E-05
1346.07,2.17E-05
1347.03,7.45E-05
1348,1.20E-04
1348.96,1.34E-04
1349.93,1.01E-04
1350.89,2.29E-05
1351.86,-7.41E-05
1352.82,-1.53E-04
1353.78,-1.78E-04
1354.75,-1.41E-04
1355.71,-6.64E-05
1356.68,-1.97E-06
1357.64,1.82E-05
1358.61,-4.26E-06
1359.57,-3.03E-05
1360.53,-1.70E-06
1361.5,1.21E-04
1362.46,3.13E-04
1363.43,4.85E-04
1364.39,5.62E-04
1365.35,5.48E-04
1366.32,4.97E-04
1367.28,4.70E-04
1368.25,4.99E-04
1369.21,5.85E-04
1370.18,7.03E-04
1371.14,8.24E-04
1372.1,9.32E-04
1373.07,0.00102516
1374.03,0.00110966
1375,0.00119075
1375.96,0.00127393
1376.93,0.00136518
1377.89,0.00146557
1378.85,0.00156306
1379.82,0.00162942
1380.78,0.00163074
1381.75,0.00154993
1382.71,0.00140449
1383.68,0.00124777
1384.64,0.00115843
1385.6,0.00122333
1386.57,0.00149326
1387.53,0.00191396
1388.5,0.00232963
1389.46,0.00260895
1390.42,0.00273462
1391.39,0.00277156
1392.35,0.00281031
1393.32,0.00294209
1394.28,0.00324308
1395.25,0.00374309
1396.21,0.00439148
1397.17,0.00507349
1398.14,0.00567855
1399.1,0.00615022
1400.07,0.00648444
1401.03,0.00670882
1402,0.00686624
1402.96,0.00700313
1403.92,0.00715443
1404.89,0.00732513
1405.85,0.00748294
1406.82,0.00758216
1407.78,0.00760107
1408.75,0.00755267
1409.71,0.00746701
1410.67,0.00737055
1411.64,0.00727629
1412.6,0.007187
1413.57,0.00710657
1414.53,0.00704856
1415.49,0.00703476
1416.46,0.0070789
1417.42,0.00715074
1418.39,0.00713907
1419.35,0.00690527
1420.32,0.00642704
1421.28,0.00580788
1422.24,0.00515616
1423.21,0.00453652
1424.17,0.00398635
1425.14,0.00352687
1426.1,0.00315958
1427.07,0.00286816
1428.03,0.00263083
1428.99,0.00243168
1429.96,0.00226359
1430.92,0.00212271
1431.89,0.00200455
1432.85,0.00190794
1433.82,0.00184152
1434.78,0.00182254
1435.74,0.00185966
1436.71,0.00192339
1437.67,0.00195272
1438.64,0.00191979
1439.6,0.00185366
1440.56,0.0017993
1441.53,0.00178424
1442.49,0.00181069
1443.46,0.00185934
1444.42,0.00190009
1445.39,0.00190825
1446.35,0.00188037
1447.31,0.00183849
1448.28,0.00181485
1449.24,0.00182465
1450.21,0.0018541
1451.17,0.00187651
1452.14,0.0018729
1453.1,0.00184087
1454.06,0.00180032
1455.03,0.00181419
1455.99,0.00201928
1456.96,0.00252807
1457.92,0.00306883
1458.89,0.00324661
1459.85,0.00311971
1460.81,0.0028769
1461.78,0.00261644
1462.74,0.00238577
1463.71,0.00222481
1464.67,0.0021657
1465.63,0.00219465
1466.6,0.00224363
1467.56,0.00225008
1468.53,0.00219735
1469.49,0.00210279
1470.46,0.00200819
1471.42,0.00199664
1472.38,0.00220072
1473.35,0.00268257
1474.31,0.0032449
1475.28,0.00363646
1476.24,0.00383238
1477.21,0.0039244
1478.17,0.00399007
1479.13,0.00407463
1480.1,0.00420547
1481.06,0.00439992
1482.03,0.00466031
1482.99,0.00496373
1483.96,0.00526559
1484.92,0.00552974
1485.88,0.00580031
1486.85,0.00634633
1487.81,0.0078619
1488.78,0.0112636
1489.74,0.0163375
1490.71,0.0211998
1491.67,0.0245409
1492.63,0.0264816
1493.6,0.0275308
1494.56,0.028003
1495.53,0.0279437
1496.49,0.0271629
1497.45,0.0254346
1498.42,0.0229506
1499.38,0.0203433
1500.35,0.0180586
1501.31,0.0161539
1502.28,0.0145409
1503.24,0.013138
1504.2,0.0118797
1505.17,0.0106619
1506.13,0.00925128
1507.1,0.00737551
1508.06,0.00546552
1509.03,0.00428672
1509.99,0.00366636
1510.95,0.00324392
1511.92,0.00288331
1512.88,0.00256047
1513.85,0.00228333
1514.81,0.0020611
1515.78,0.00188915
1516.74,0.00174774
1517.7,0.00162182
1518.67,0.00153039
1519.63,0.00152761
1520.6,0.00165647
1521.56,0.00187985
1522.52,0.00207525
1523.49,0.00213887
1524.45,0.00207231
1525.42,0.00194786
1526.38,0.00183214
1527.35,0.00175003
1528.31,0.00169565
1529.27,0.00166042
1530.24,0.00164914
1531.2,0.00167879
1532.17,0.00176131
1533.13,0.00187005
1534.1,0.00192179
1535.06,0.00182932
1536.02,0.0015717
1536.99,0.00117874
1537.95,6.88E-04
1538.92,1.85E-04
1539.88,-5.04E-05
1540.85,7.09E-04
1541.81,0.00260209
1542.77,0.0038899
1543.74,0.004098
1544.7,0.00389204
1545.67,0.00364551
1546.63,0.00347273
1547.59,0.00339242
1548.56,0.00339183
1549.52,0.00344957
1550.49,0.00354248
1551.45,0.00364548
1552.42,0.00373266
1553.38,0.00378279
1554.34,0.00378643
1555.31,0.00375334
1556.27,0.00372861
1557.24,0.00383079
1558.2,0.00422268
1559.17,0.00479215
1560.13,0.00519998
1561.09,0.0054439
1562.06,0.00566976
1563.02,0.00594437
1563.99,0.00626511
1564.95,0.00660325
1565.92,0.00694701
1566.88,0.00734566
1567.84,0.00792348
1568.81,0.00878769
1569.77,0.0098416
1570.74,0.0107908
1571.7,0.0114345
1572.66,0.0118244
1573.63,0.0122101
1574.59,0.0129967
1575.56,0.0146585
1576.52,0.0172711
1577.49,0.0200639
1578.45,0.0222668
1579.41,0.0239746
1580.38,0.0256976
1581.34,0.0278412
1582.31,0.0305607
1583.27,0.0337284
1584.24,0.0369784
1585.2,0.0398716
1586.16,0.0420651
1587.13,0.0433371
1588.09,0.0435279
1589.06,0.0425455
1590.02,0.0404392
1590.99,0.0374266
1591.95,0.0338144
1592.91,0.0299036
1593.88,0.0259671
1594.84,0.0222738
1595.81,0.0190684
1596.77,0.0164925
1597.73,0.0145415
1598.7,0.0131118
1599.66,0.0120856
1600.63,0.0113857
1601.59,0.0109762
1602.56,0.0108237
1603.52,0.0108597
1604.48,0.0109801
1605.45,0.0110759
1606.41,0.0110527
1607.38,0.0108282
1608.34,0.0103391
1609.31,0.00958383
1610.27,0.00865243
1611.23,0.00767807
1612.2,0.00675629
1613.16,0.00592159
1614.13,0.00517896
1615.09,0.00454891
1616.06,0.00409056
1617.02,0.00384545
1617.98,0.00374522
1618.95,0.00367509
1619.91,0.00359399
1620.88,0.00353318
1621.84,0.00354708
1622.8,0.00366719
1623.77,0.00385706
1624.73,0.00402119
1625.7,0.00409495
1626.66,0.00410358
1627.63,0.00411719
1628.59,0.00417674
1629.55,0.00426486
1630.52,0.00433576
1631.48,0.00436636
1632.45,0.00438746
1633.41,0.00450353
1634.38,0.00491743
1635.34,0.00586848
1636.3,0.00726384
1637.27,0.00851081
1638.23,0.00931958
1639.2,0.00990724
1640.16,0.0104776
1641.13,0.0110689
1642.09,0.0116408
1643.05,0.0121849
1644.02,0.0128401
1644.98,0.0140063
1645.95,0.016265
1646.91,0.0196008
1647.88,0.0226479
1648.84,0.0241665
1649.8,0.0243514
1650.77,0.0240351
1651.73,0.024189
1652.7,0.0259887
1653.66,0.0295584
1654.62,0.0324317
1655.59,0.033158
1656.55,0.0326106
1657.52,0.0316663
1658.48,0.0306825
1659.45,0.029758
1660.41,0.0288892
1661.37,0.0280175
1662.34,0.0270659
1663.3,0.0260092
1664.27,0.0248958
1665.23,0.0237707
1666.2,0.0226173
1667.16,0.0213644
1668.12,0.0199236
1669.09,0.0182749
1670.05,0.0165823
1671.02,0.0151042
1671.98,0.0138865
1672.95,0.01275
1673.91,0.0115354
1674.87,0.0102325
1675.84,0.00896566
1676.8,0.00787719
1677.77,0.00700442
1678.73,0.00628248
1679.69,0.00563153
1680.66,0.00501367
1681.62,0.00444559
1682.59,0.00399148
1683.55,0.00371008
1684.52,0.00353169
1685.48,0.00329674
1686.44,0.00297298
1687.41,0.00263084
1688.37,0.00232401
1689.34,0.00206427
1690.3,0.00183906
1691.27,0.0016297
1692.23,0.00142149
1693.19,0.00120632
1694.16,9.83E-04
1695.12,7.66E-04
1696.09,6.04E-04
1697.05,5.94E-04
1698.02,8.25E-04
1698.98,0.00121868
1699.94,0.00154821
1700.91,0.00167558
1701.87,0.00162524
1702.84,0.00148699
1703.8,0.00134648
1704.76,0.00126239
1705.73,0.00125052
1706.69,0.00127528
1707.66,0.00127377
1708.62,0.00120178
1709.59,0.00105173
1710.55,8.39E-04
1711.51,5.84E-04
1712.48,3.14E-04
1713.44,6.82E-05
1714.41,-7.62E-05
1715.37,2.55E-05
1716.34,5.09E-04
1717.3,0.00119639
1718.26,0.00162728
1719.23,0.00167782
1720.19,0.00152531
1721.16,0.00132273
1722.12,0.00114191
1723.09,0.00100915
1724.05,9.28E-04
1725.01,8.85E-04
1725.98,8.63E-04
1726.94,8.38E-04
1727.91,7.94E-04
1728.87,7.22E-04
1729.84,6.24E-04
1730.8,5.22E-04
1731.76,4.69E-04
1732.73,5.36E-04
1733.69,7.31E-04
1734.66,9.39E-04
1735.62,0.00104456
1736.58,0.00104823
1737.55,0.00101046
1738.51,9.81E-04
1739.48,9.74E-04
1740.44,9.70E-04
1741.41,9.23E-04
1742.37,8.05E-04
1743.33,6.27E-04
1744.3,4.33E-04
1745.26,2.69E-04
1746.23,1.77E-04
1747.19,1.95E-04
1748.16,3.53E-04
1749.12,6.34E-04
1750.08,9.25E-04
1751.05,0.00109509
1752.01,0.00111
1752.98,0.00101522
1753.94,8.66E-04
1754.91,6.98E-04
1755.87,5.28E-04
1756.83,3.70E-04
1757.8,2.38E-04
1758.76,1.59E-04
1759.73,1.66E-04
1760.69,2.69E-04
1761.65,4.36E-04
1762.62,5.86E-04
1763.58,6.38E-04
1764.55,5.67E-04
1765.51,4.00E-04
1766.48,1.85E-04
1767.44,-2.63E-05
1768.4,-1.90E-04
1769.37,-2.60E-04
1770.33,-1.82E-04
1771.3,7.84E-05
1772.26,4.71E-04
1773.23,8.30E-04
1774.19,0.00101462
1775.15,0.00101328
1776.12,8.92E-04
1777.08,7.19E-04
1778.05,5.48E-04
1779.01,4.19E-04
1779.98,3.54E-04
1780.94,3.58E-04
1781.9,4.12E-04
1782.87,4.92E-04
1783.83,5.72E-04
1784.8,6.24E-04
1785.76,6.24E-04
1786.72,5.60E-04
1787.69,4.38E-04
1788.65,2.87E-04
1789.62,1.58E-04
1790.58,1.16E-04
1791.55,2.18E-04
1792.51,4.39E-04
1793.47,6.48E-04
1794.44,7.30E-04
1795.4,6.76E-04
1796.37,5.45E-04
1797.33,3.97E-04
1798.3,2.78E-04
1799.26,2.22E-04
1800.22,2.46E-04
1801.19,3.32E-04
1802.15,4.36E-04
1803.12,5.10E-04
1804.08,5.30E-04
1805.05,4.95E-04
1806.01,4.23E-04
1806.97,3.43E-04
1807.94,2.92E-04
1808.9,3.04E-04
1809.87,3.87E-04
1810.83,5.06E-04
1811.79,5.97E-04
1812.76,6.08E-04
1813.72,5.39E-04
1814.69,4.23E-04
1815.65,3.03E-04
1816.62,2.14E-04
1817.58,1.66E-04
1818.54,1.45E-04
1819.51,1.26E-04
1820.47,9.34E-05
1821.44,4.81E-05
1822.4,4.61E-06
1823.37,-2.18E-05
1824.33,-2.64E-05
1825.29,-1.59E-05
1826.26,5.84E-06
1827.22,5.23E-05
1828.19,1.52E-04
1829.15,3.15E-04
1830.12,5.03E-04
1831.08,6.35E-04
1832.04,6.57E-04
1833.01,5.81E-04
1833.97,4.57E-04
1834.94,3.39E-04
1835.9,2.61E-04
1836.86,2.28E-04
1837.83,2.10E-04
1838.79,1.68E-04
1839.76,8.20E-05
1840.72,-2.96E-05
1841.69,-1.17E-04
1842.65,-1.06E-04
1843.61,6.49E-05
1844.58,3.78E-04
1845.54,7.02E-04
1846.51,9.00E-04
1847.47,9.30E-04
1848.44,8.33E-04
1849.4,6.65E-04
1850.36,4.72E-04
1851.33,2.87E-04
1852.29,1.37E-04
1853.26,3.96E-05
1854.22,2.93E-06
1855.19,2.54E-05
1856.15,9.50E-05
1857.11,1.92E-04
1858.08,2.95E-04
1859.04,3.82E-04
1860.01,4.31E-04
1860.97,4.24E-04
1861.93,3.49E-04
1862.9,2.07E-04
1863.86,1.69E-05
1864.83,-1.83E-04
1865.79,-3.36E-04
1866.76,-3.69E-04
1867.72,-2.28E-04
1868.68,4.99E-05
1869.65,3.20E-04
1870.61,4.57E-04
1871.58,4.54E-04
1872.54,3.74E-04
1873.51,2.83E-04
1874.47,2.18E-04
1875.43,1.87E-04
1876.4,1.78E-04
1877.36,1.71E-04
1878.33,1.55E-04
1879.29,1.36E-04
1880.26,1.29E-04
1881.22,1.47E-04
1882.18,1.79E-04
1883.15,2.02E-04
1884.11,1.89E-04
1885.08,1.32E-04
1886.04,5.04E-05
1887,-2.04E-05
1887.97,-4.44E-05
1888.93,-8.95E-06
1889.9,6.28E-05
1890.86,1.27E-04
1891.83,1.53E-04
1892.79,1.42E-04
1893.75,1.21E-04
1894.72,1.18E-04
1895.68,1.43E-04
1896.65,1.87E-04
1897.61,2.25E-04
1898.58,2.40E-04
1899.54,2.32E-04
1900.5,2.16E-04
1901.47,2.05E-04
1902.43,2.09E-04
1903.4,2.22E-04
1904.36,2.31E-04
1905.33,2.24E-04
1906.29,2.05E-04
1907.25,1.90E-04
1908.22,2.02E-04
1909.18,2.52E-04
1910.15,3.23E-04
1911.11,3.78E-04
1912.08,3.85E-04
1913.04,3.40E-04
1914,2.66E-04
1914.97,2.06E-04
1915.93,2.01E-04
1916.9,2.66E-04
1917.86,3.72E-04
1918.82,4.62E-04
1919.79,4.91E-04
1920.75,4.59E-04
1921.72,4.04E-04
1922.68,3.69E-04
1923.65,3.75E-04
1924.61,4.06E-04
1925.57,4.29E-04
1926.54,4.24E-04
1927.5,3.93E-04
1928.47,3.58E-04
1929.43,3.38E-04
1930.4,3.43E-04
1931.36,3.66E-04
1932.32,3.89E-04
1933.29,4.01E-04
1934.25,3.98E-04
1935.22,3.82E-04
1936.18,3.50E-04
1937.15,2.98E-04
1938.11,2.23E-04
1939.07,1.32E-04
1940.04,4.44E-05
1941,-6.67E-06
1941.97,6.90E-06
1942.93,8.94E-05
1943.89,2.10E-04
1944.86,3.22E-04
1945.82,3.87E-04
1946.79,3.96E-04
1947.75,3.56E-04
1948.72,2.83E-04
1949.68,2.02E-04
1950.64,1.35E-04
1951.61,1.02E-04
1952.57,1.08E-04
1953.54,1.42E-04
1954.5,1.77E-04
1955.47,1.84E-04
1956.43,1.53E-04
1957.39,9.47E-05
1958.36,3.95E-05
1959.32,1.31E-05
1960.29,2.15E-05
1961.25,4.75E-05
1962.22,6.49E-05
1963.18,5.79E-05
1964.14,3.25E-05
1965.11,1.13E-05
1966.07,1.64E-05
1967.04,5.12E-05
1968,9.40E-05
1968.96,1.14E-04
1969.93,9.58E-05
1970.89,4.68E-05
1971.86,-1.04E-05
1972.82,-5.34E-05
1973.79,-7.08E-05
1974.75,-6.49E-05
1975.71,-4.61E-05
1976.68,-2.46E-05
1977.64,-6.82E-06
1978.61,2.51E-06
1979.57,-2.77E-06
1980.54,-3.26E-05
1981.5,-9.16E-05
1982.46,-1.70E-04
1983.43,-2.45E-04
1984.39,-2.88E-04
1985.36,-2.82E-04
1986.32,-2.32E-04
1987.29,-1.65E-04
1988.25,-1.13E-04
1989.21,-9.55E-05
1990.18,-1.09E-04
1991.14,-1.30E-04
1992.11,-1.28E-04
1993.07,-9.24E-05
1994.03,-3.63E-05
1995,1.35E-05
1995.96,3.52E-05
1996.93,2.19E-05
1997.89,-1.83E-05
1998.86,-6.92E-05
1999.82,-1.14E-04
2000.78,-1.41E-04
2001.75,-1.49E-04
2002.71,-1.39E-04
2003.68,-1.17E-04
2004.64,-8.82E-05
2005.61,-5.62E-05
2006.57,-2.58E-05
2007.53,-7.25E-07
2008.5,1.68E-05
2009.46,2.58E-05
2010.43,2.54E-05
2011.39,1.41E-05
2012.36,-9.23E-06
2013.32,-4.33E-05
2014.28,-8.24E-05
2015.25,-1.15E-04
2016.21,-1.24E-04
2017.18,-9.66E-05
2018.14,-2.92E-05
2019.11,6.62E-05
2020.07,1.66E-04
2021.03,2.43E-04
2022,2.79E-04
2022.96,2.66E-04
2023.93,2.16E-04
2024.89,1.52E-04
2025.85,1.03E-04
2026.82,8.46E-05
2027.78,9.71E-05
2028.75,1.25E-04
2029.71,1.49E-04
2030.68,1.59E-04
2031.64,1.57E-04
2032.6,1.55E-04
2033.57,1.60E-04
2034.53,1.70E-04
2035.5,1.76E-04
2036.46,1.69E-04
2037.43,1.48E-04
2038.39,1.22E-04
2039.35,1.05E-04
2040.32,1.06E-04
2041.28,1.25E-04
2042.25,1.53E-04
2043.21,1.82E-04
2044.18,2.06E-04
2045.14,2.22E-04
2046.1,2.31E-04
2047.07,2.30E-04
2048.03,2.17E-04
2049,1.91E-04
2049.96,1.53E-04
2050.92,1.10E-04
2051.89,6.50E-05
2052.85,1.84E-05
2053.82,-2.91E-05
2054.78,-7.42E-05
2055.75,-1.09E-04
2056.71,-1.22E-04
2057.67,-1.09E-04
2058.64,-7.33E-05
2059.6,-2.63E-05
2060.57,1.57E-05
2061.53,4.16E-05
2062.5,4.99E-05
2063.46,4.83E-05
2064.42,4.79E-05
2065.39,5.59E-05
2066.35,7.20E-05
2067.32,8.82E-05
2068.28,9.47E-05
2069.25,8.57E-05
2070.21,6.25E-05
2071.17,3.35E-05
2072.14,1.01E-05
2073.1,1.34E-06
2074.07,9.25E-06
2075.03,2.74E-05
2075.99,4.42E-05
2076.96,4.87E-05
2077.92,3.60E-05
2078.89,8.60E-06
2079.85,-2.55E-05
2080.82,-5.77E-05
2081.78,-8.23E-05
2082.74,-9.68E-05
2083.71,-1.02E-04
2084.67,-9.86E-05
2085.64,-9.05E-05
2086.6,-8.28E-05
2087.57,-8.24E-05
2088.53,-9.49E-05
2089.49,-1.20E-04
2090.46,-1.48E-04
2091.42,-1.66E-04
2092.39,-1.61E-04
2093.35,-1.35E-04
2094.32,-1.00E-04
2095.28,-7.82E-05
2096.24,-8.24E-05
2097.21,-1.10E-04
2098.17,-1.41E-04
2099.14,-1.48E-04
2100.1,-1.11E-04
2101.06,-3.58E-05
2102.03,5.52E-05
2102.99,1.30E-04
2103.96,1.65E-04
2104.92,1.57E-04
2105.89,1.22E-04
2106.85,7.93E-05
2107.81,4.57E-05
2108.78,2.65E-05
2109.74,1.83E-05
2110.71,1.57E-05
2111.67,1.54E-05
2112.64,1.66E-05
2113.6,1.95E-05
2114.56,2.33E-05
2115.53,2.68E-05
2116.49,3.05E-05
2117.46,3.57E-05
2118.42,4.38E-05
2119.39,5.24E-05
2120.35,5.56E-05
2121.31,4.65E-05
2122.28,2.19E-05
2123.24,-1.27E-05
2124.21,-4.42E-05
2125.17,-5.63E-05
2126.13,-3.79E-05
2127.1,1.03E-05
2128.06,7.39E-05
2129.03,1.30E-04
2129.99,1.58E-04
2130.96,1.51E-04
2131.92,1.16E-04
2132.88,7.38E-05
2133.85,4.63E-05
2134.81,4.28E-05
2135.78,5.67E-05
2136.74,7.02E-05
2137.71,6.69E-05
2138.67,4.34E-05
2139.63,1.18E-05
2140.6,-9.08E-06
2141.56,-4.94E-06
2142.53,2.58E-05
2143.49,6.80E-05
2144.46,1.00E-04
2145.42,1.07E-04
2146.38,8.60E-05
2147.35,4.96E-05
2148.31,1.51E-05
2149.28,-3.73E-06
2150.24,-2.84E-06
2151.2,1.26E-05
2152.17,3.32E-05
2153.13,5.11E-05
2154.1,6.36E-05
2155.06,7.22E-05
2156.03,8.05E-05
2156.99,8.98E-05
2157.95,9.90E-05
2158.92,1.05E-04
2159.88,1.04E-04
2160.85,9.97E-05
2161.81,9.50E-05
2162.78,9.64E-05
2163.74,1.07E-04
2164.7,1.25E-04
2165.67,1.42E-04
2166.63,1.48E-04
2167.6,1.38E-04
2168.56,1.13E-04
2169.53,8.15E-05
2170.49,5.28E-05
2171.45,3.42E-05
2172.42,2.62E-05
2173.38,2.53E-05
2174.35,2.79E-05
2175.31,3.40E-05
2176.27,4.63E-05
2177.24,6.66E-05
2178.2,9.16E-05
2179.17,1.13E-04
2180.13,1.21E-04
2181.1,1.13E-04
2182.06,8.90E-05
2183.02,5.84E-05
2183.99,2.85E-05
2184.95,2.99E-06
2185.92,-1.80E-05
2186.88,-3.48E-05
2187.85,-4.50E-05
2188.81,-4.41E-05
2189.77,-2.98E-05
2190.74,-6.30E-06
2191.7,1.59E-05
2192.67,2.56E-05
2193.63,1.79E-05
2194.6,-1.55E-06
2195.56,-1.98E-05
2196.52,-2.44E-05
2197.49,-1.20E-05
2198.45,9.74E-06
2199.42,2.76E-05
2200.38,3.13E-05
2201.35,2.08E-05
2202.31,6.07E-06
2203.27,7.04E-07
2204.24,1.33E-05
2205.2,4.17E-05
2206.17,7.51E-05
2207.13,9.98E-05
2208.09,1.08E-04
2209.06,9.90E-05
2210.02,8.14E-05
2210.99,6.44E-05
2211.95,5.33E-05
2212.92,4.81E-05
2213.88,4.47E-05
2214.84,4.05E-05
2215.81,3.63E-05
2216.77,3.64E-05
2217.74,4.43E-05
2218.7,5.91E-05
2219.67,7.46E-05
2220.63,8.22E-05
2221.59,7.72E-05
2222.56,6.30E-05
2223.52,4.86E-05
2224.49,4.40E-05
2225.45,5.19E-05
2226.42,6.62E-05
2227.38,7.64E-05
2228.34,7.58E-05
2229.31,6.77E-05
2230.27,6.52E-05
2231.24,8.17E-05
2232.2,1.22E-04
2233.16,1.75E-04
2234.13,2.22E-04
2235.09,2.42E-04
2236.06,2.27E-04
2237.02,1.86E-04
2237.99,1.36E-04
2238.95,9.73E-05
2239.91,8.02E-05
2240.88,8.36E-05
2241.84,9.78E-05
2242.81,1.12E-04
2243.77,1.19E-04
2244.74,1.20E-04
2245.7,1.20E-04
2246.66,1.27E-04
2247.63,1.44E-04
2248.59,1.69E-04
2249.56,1.96E-04
2250.52,2.14E-04
2251.49,2.14E-04
2252.45,1.90E-04
2253.41,1.44E-04
2254.38,8.62E-05
2255.34,2.80E-05
2256.31,-1.83E-05
2257.27,-4.48E-05
2258.23,-4.82E-05
2259.2,-2.89E-05
2260.16,8.72E-06
2261.13,5.62E-05
2262.09,1.06E-04
2263.06,1.45E-04
2264.02,1.57E-04
2264.98,1.35E-04
2265.95,8.52E-05
2266.91,2.93E-05
2267.88,-6.06E-06
2268.84,-7.87E-07
2269.81,4.70E-05
2270.77,1.19E-04
2271.73,1.85E-04
2272.7,2.20E-04
2273.66,2.13E-04
2274.63,1.73E-04
2275.59,1.23E-04
2276.56,8.23E-05
2277.52,6.29E-05
2278.48,6.43E-05
2279.45,7.87E-05
2280.41,9.60E-05
2281.38,1.08E-04
2282.34,1.09E-04
2283.3,9.31E-05
2284.27,6.03E-05
2285.23,1.35E-05
2286.2,-3.77E-05
2287.16,-7.94E-05
2288.13,-9.90E-05
2289.09,-9.21E-05
2290.05,-6.58E-05
2291.02,-3.62E-05
2291.98,-2.19E-05
2292.95,-3.61E-05
2293.91,-8.26E-05
2294.88,-1.56E-04
2295.84,-2.47E-04
2296.8,-3.43E-04
2297.77,-4.32E-04
2298.73,-5.01E-04
2299.7,-5.36E-04
2300.66,-5.28E-04
2301.63,-4.75E-04
2302.59,-3.88E-04
2303.55,-2.92E-04
2304.52,-2.17E-04
2305.48,-1.83E-04
2306.45,-1.97E-04
2307.41,-2.45E-04
2308.38,-3.02E-04
2309.34,-3.40E-04
2310.3,-3.46E-04
2311.27,-3.30E-04
2312.23,-3.15E-04
2313.2,-3.23E-04
2314.16,-3.64E-04
2315.12,-4.32E-04
2316.09,-5.15E-04
2317.05,-6.00E-04
2318.02,-6.80E-04
2318.98,-7.44E-04
2319.95,-7.79E-04
2320.91,-7.71E-04
2321.87,-7.20E-04
2322.84,-6.57E-04
2323.8,-6.41E-04
2324.77,-7.33E-04
2325.73,-9.44E-04
2326.7,-0.00120221
2327.66,-0.00136875
2328.62,-0.0013087
2329.59,-9.99E-04
2330.55,-5.87E-04
2331.52,-3.33E-04
2332.48,-4.55E-04
2333.45,-9.80E-04
2334.41,-0.00171289
2335.37,-0.00234105
2336.34,-0.00260107
2337.3,-0.00242398
2338.27,-0.0019693
2339.23,-0.00151533
2340.19,-0.00126446
2341.16,-0.00119927
2342.12,-0.00109686
2343.09,-7.29E-04
2344.05,-1.39E-04
2345.02,3.65E-04
2345.98,5.56E-04
2346.94,4.39E-04
2347.91,1.28E-04
2348.87,-2.72E-04
2349.84,-6.92E-04
2350.8,-0.00109678
2351.77,-0.00148734
2352.73,-0.00191088
2353.69,-0.00247367
2354.66,-0.00328951
2355.62,-0.00432669
2356.59,-0.0053094
2357.55,-0.00584787
2358.52,-0.00566182
2359.48,-0.00473743
2360.44,-0.00334553
2361.41,-0.00183127
2362.37,-3.73E-04
2363.34,9.77E-04
2364.3,0.00210346
2365.26,0.00279604
2366.23,0.00291339
2367.19,0.00251964
2368.16,0.00184027
2369.12,0.00112156
2370.09,5.31E-04
2371.05,1.41E-04
2372.01,-4.33E-05
2372.98,-5.26E-05
2373.94,5.58E-05
2374.91,2.09E-04
2375.87,3.33E-04
2376.84,3.82E-04
2377.8,3.45E-04
2378.76,2.53E-04
2379.73,1.51E-04
2380.69,8.02E-05
2381.66,5.43E-05
2382.62,6.26E-05
2383.59,8.06E-05
2384.55,8.70E-05
2385.51,7.51E-05
2386.48,5.44E-05
2387.44,4.15E-05
2388.41,4.78E-05
2389.37,7.10E-05
2390.33,9.49E-05
2391.3,1.00E-04
2392.26,7.63E-05
2393.23,2.96E-05
2394.19,-2.00E-05
2395.16,-5.04E-05
2396.12,-5.01E-05
2397.08,-2.23E-05
2398.05,1.77E-05
2399.01,5.28E-05
2399.98,7.16E-05
2400.94,7.14E-05
2401.91,5.59E-05
2402.87,3.16E-05
2403.83,5.19E-06
2404.8,-1.51E-05
2405.76,-2.52E-05
2406.73,-2.19E-05
2407.69,-5.16E-06
2408.66,2.00E-05
2409.62,4.41E-05
2410.58,5.70E-05
2411.55,5.20E-05
2412.51,2.91E-05
2413.48,-3.92E-06
2414.44,-3.48E-05
2415.4,-5.20E-05
2416.37,-5.04E-05
2417.33,-3.41E-05
2418.3,-1.45E-05
2419.26,-4.39E-06
2420.23,-1.03E-05
2421.19,-2.89E-05
2422.15,-4.89E-05
2423.12,-5.73E-05
2424.08,-4.77E-05
2425.05,-2.26E-05
2426.01,9.28E-06
2426.98,3.93E-05
2427.94,6.45E-05
2428.9,8.74E-05
2429.87,1.12E-04
2430.83,1.39E-04
2431.8,1.64E-04
2432.76,1.82E-04
2433.73,1.87E-04
2434.69,1.81E-04
2435.65,1.67E-04
2436.62,1.52E-04
2437.58,1.38E-04
2438.55,1.25E-04
2439.51,1.16E-04
2440.47,1.11E-04
2441.44,1.16E-04
2442.4,1.31E-04
2443.37,1.54E-04
2444.33,1.79E-04
2445.3,1.97E-04
2446.26,2.05E-04
2447.22,2.02E-04
2448.19,1.89E-04
2449.15,1.67E-04
2450.12,1.36E-04
2451.08,9.48E-05
2452.05,4.81E-05
2453.01,4.82E-06
2453.97,-2.38E-05
2454.94,-3.07E-05
2455.9,-1.82E-05
2456.87,2.72E-06
2457.83,1.88E-05
2458.8,2.23E-05
2459.76,1.62E-05
2460.72,1.12E-05
2461.69,1.90E-05
2462.65,4.52E-05
2463.62,8.64E-05
2464.58,1.33E-04
2465.54,1.76E-04
2466.51,2.06E-04
2467.47,2.19E-04
2468.44,2.15E-04
2469.4,1.96E-04
2470.37,1.69E-04
2471.33,1.49E-04
2472.29,1.47E-04
2473.26,1.67E-04
2474.22,2.01E-04
2475.19,2.28E-04
2476.15,2.28E-04
2477.12,1.93E-04
2478.08,1.32E-04
2479.04,6.98E-05
2480.01,3.01E-05
2480.97,2.52E-05
2481.94,4.95E-05
2482.9,8.41E-05
2483.87,1.08E-04
2484.83,1.11E-04
2485.79,9.27E-05
2486.76,6.62E-05
2487.72,4.69E-05
2488.69,4.69E-05
2489.65,6.85E-05
2490.62,1.04E-04
2491.58,1.39E-04
2492.54,1.55E-04
2493.51,1.40E-04
2494.47,9.41E-05
2495.44,2.70E-05
2496.4,-4.32E-05
2497.36,-9.83E-05
2498.33,-1.26E-04
2499.29,-1.24E-04
2500.26,-9.78E-05
2501.22,-5.64E-05
2502.19,-1.15E-05
2503.15,2.67E-05
2504.11,5.12E-05
2505.08,6.04E-05
2506.04,5.96E-05
2507.01,5.98E-05
2507.97,7.21E-05
2508.94,1.01E-04
2509.9,1.39E-04
2510.86,1.71E-04
2511.83,1.80E-04
2512.79,1.59E-04
2513.76,1.16E-04
2514.72,6.52E-05
2515.69,1.86E-05
2516.65,-2.04E-05
2517.61,-5.93E-05
2518.58,-1.07E-04
2519.54,-1.65E-04
2520.51,-2.22E-04
2521.47,-2.59E-04
2522.43,-2.59E-04
2523.4,-2.21E-04
2524.36,-1.54E-04
2525.33,-7.91E-05
2526.29,-1.78E-05
2527.26,1.58E-05
2528.22,1.77E-05
2529.18,-5.08E-06
2530.15,-3.71E-05
2531.11,-6.04E-05
2532.08,-6.18E-05
2533.04,-4.11E-05
2534.01,-1.23E-05
2534.97,1.98E-06
2535.93,-1.59E-05
2536.9,-6.59E-05
2537.86,-1.28E-04
2538.83,-1.70E-04
2539.79,-1.69E-04
2540.76,-1.20E-04
2541.72,-4.29E-05
2542.68,2.99E-05
2543.65,6.84E-05
2544.61,5.86E-05
2545.58,6.58E-06
2546.54,-6.69E-05
2547.5,-1.36E-04
2548.47,-1.78E-04
2549.43,-1.84E-04
2550.4,-1.55E-04
2551.36,-1.07E-04
2552.33,-5.75E-05
2553.29,-2.40E-05
2554.25,-1.33E-05
2555.22,-2.09E-05
2556.18,-3.39E-05
2557.15,-3.99E-05
2558.11,-3.34E-05
2559.08,-1.83E-05
2560.04,-3.53E-06
2561,2.79E-06
2561.97,8.01E-09
2562.93,-4.71E-06
2563.9,-7.97E-07
2564.86,1.90E-05
2565.83,5.42E-05
2566.79,9.55E-05
2567.75,1.30E-04
2568.72,1.46E-04
2569.68,1.41E-04
2570.65,1.18E-04
2571.61,8.41E-05
2572.58,4.55E-05
2573.54,8.47E-06
2574.5,-2.20E-05
2575.47,-3.96E-05
2576.43,-3.88E-05
2577.4,-1.82E-05
2578.36,1.45E-05
2579.32,4.40E-05
2580.29,5.41E-05
2581.25,3.72E-05
2582.22,7.28E-07
2583.18,-3.68E-05
2584.15,-5.67E-05
2585.11,-5.08E-05
2586.07,-2.51E-05
2587.04,6.48E-06
2588,3.36E-05
2588.97,5.54E-05
2589.93,7.76E-05
2590.9,1.03E-04
2591.86,1.27E-04
2592.82,1.34E-04
2593.79,1.14E-04
2594.75,7.27E-05
2595.72,2.65E-05
2596.68,-1.56E-06
2597.65,3.28E-06
2598.61,3.69E-05
2599.57,8.06E-05
2600.54,1.14E-04
2601.5,1.23E-04
2602.47,1.11E-04
2603.43,8.89E-05
2604.39,7.11E-05
2605.36,6.74E-05
2606.32,8.06E-05
2607.29,1.07E-04
2608.25,1.40E-04
2609.22,1.72E-04
2610.18,1.98E-04
2611.14,2.12E-04
2612.11,2.14E-04
2613.07,2.04E-04
2614.04,1.82E-04
2615,1.51E-04
2615.97,1.19E-04
2616.93,9.19E-05
2617.89,7.89E-05
2618.86,8.14E-05
2619.82,9.36E-05
2620.79,1.05E-04
2621.75,1.06E-04
2622.72,9.61E-05
2623.68,8.18E-05
2624.64,7.38E-05
2625.61,7.87E-05
2626.57,9.49E-05
2627.54,1.12E-04
2628.5,1.18E-04
2629.46,1.03E-04
2630.43,6.22E-05
2631.39,3.51E-06
2632.36,-5.99E-05
2633.32,-1.12E-04
2634.29,-1.39E-04
2635.25,-1.39E-04
2636.21,-1.20E-04
2637.18,-9.62E-05
2638.14,-7.91E-05
2639.11,-6.73E-05
2640.07,-4.77E-05
2641.04,-5.71E-06
2642,6.20E-05
2642.96,1.41E-04
2643.93,2.03E-04
2644.89,2.24E-04
2645.86,1.95E-04
2646.82,1.28E-04
2647.79,4.89E-05
2648.75,-1.78E-05
2649.71,-6.02E-05
2650.68,-7.89E-05
2651.64,-8.03E-05
2652.61,-6.83E-05
2653.57,-4.25E-05
2654.53,-2.24E-06
2655.5,4.70E-05
2656.46,9.19E-05
2657.43,1.17E-04
2658.39,1.10E-04
2659.36,7.36E-05
2660.32,2.00E-05
2661.28,-3.12E-05
2662.25,-6.08E-05
2663.21,-5.67E-05
2664.18,-1.79E-05
2665.14,4.47E-05
2666.11,1.10E-04
2667.07,1.55E-04
2668.03,1.61E-04
2669,1.24E-04
2669.96,5.99E-05
2670.93,-5.53E-06
2671.89,-4.60E-05
2672.86,-4.84E-05
2673.82,-1.73E-05
2674.78,2.83E-05
2675.75,6.63E-05
2676.71,8.14E-05
2677.68,6.95E-05
2678.64,3.75E-05
2679.6,-2.25E-06
2680.57,-3.71E-05
2681.53,-5.87E-05
2682.5,-6.49E-05
2683.46,-6.00E-05
2684.43,-5.13E-05
2685.39,-4.48E-05
2686.35,-4.12E-05
2687.32,-3.62E-05
2688.28,-2.43E-05
2689.25,-3.75E-06
2690.21,2.23E-05
2691.18,4.81E-05
2692.14,6.97E-05
2693.1,8.74E-05
2694.07,1.03E-04
2695.03,1.14E-04
2696,1.15E-04
2696.96,9.97E-05
2697.93,6.84E-05
2698.89,3.37E-05
2699.85,1.60E-05
2700.82,3.26E-05
2701.78,8.53E-05
2702.75,1.55E-04
2703.71,2.11E-04
2704.67,2.23E-04
2705.64,1.82E-04
2706.6,1.01E-04
2707.57,1.07E-05
2708.53,-5.46E-05
2709.5,-7.45E-05
2710.46,-4.77E-05
2711.42,9.67E-06
2712.39,7.31E-05
2713.35,1.20E-04
2714.32,1.36E-04
2715.28,1.18E-04
2716.25,7.46E-05
2717.21,2.11E-05
2718.17,-2.46E-05
2719.14,-4.93E-05
2720.1,-4.94E-05
2721.07,-3.29E-05
2722.03,-1.35E-05
2723,-2.47E-06
2723.96,-2.13E-06
2724.92,-6.12E-06
2725.89,-5.68E-06
2726.85,1.77E-06
2727.82,1.10E-05
2728.78,1.67E-05
2729.74,1.60E-05
2730.71,1.39E-05
2731.67,2.03E-05
2732.64,4.17E-05
2733.6,7.50E-05
2734.57,1.09E-04
2735.53,1.33E-04
2736.49,1.43E-04
2737.46,1.43E-04
2738.42,1.41E-04
2739.39,1.40E-04
2740.35,1.36E-04
2741.32,1.22E-04
2742.28,9.36E-05
2743.24,5.27E-05
2744.21,7.77E-06
2745.17,-3.20E-05
2746.14,-5.98E-05
2747.1,-7.16E-05
2748.07,-6.48E-05
2749.03,-3.87E-05
2749.99,2.18E-06
2750.96,4.70E-05
2751.92,8.22E-05
2752.89,9.93E-05
2753.85,1.02E-04
2754.81,1.04E-04
2755.78,1.19E-04
2756.74,1.52E-04
2757.71,1.89E-04
2758.67,2.10E-04
2759.64,2.01E-04
2760.6,1.62E-04
2761.56,1.09E-04
2762.53,6.35E-05
2763.49,3.70E-05
2764.46,3.08E-05
2765.42,3.86E-05
2766.39,5.43E-05
2767.35,7.54E-05
2768.31,1.00E-04
2769.28,1.23E-04
2770.24,1.33E-04
2771.21,1.22E-04
2772.17,8.75E-05
2773.14,3.86E-05
2774.1,-1.14E-05
2775.06,-5.08E-05
2776.03,-7.47E-05
2776.99,-8.43E-05
2777.96,-8.15E-05
2778.92,-6.57E-05
2779.89,-3.39E-05
2780.85,1.44E-05
2781.81,7.19E-05
2782.78,1.23E-04
2783.74,1.47E-04
2784.71,1.30E-04
2785.67,6.75E-05
2786.63,-2.58E-05
2787.6,-1.22E-04
2788.56,-1.90E-04
2789.53,-2.04E-04
2790.49,-1.60E-04
2791.46,-7.73E-05
2792.42,1.02E-05
2793.38,6.80E-05
2794.35,7.70E-05
2795.31,4.08E-05
2796.28,-1.98E-05
2797.24,-7.94E-05
2798.21,-1.21E-04
2799.17,-1.41E-04
2800.13,-1.47E-04
2801.1,-1.44E-04
2802.06,-1.33E-04
2803.03,-1.09E-04
2803.99,-6.84E-05
2804.96,-1.34E-05
2805.92,4.35E-05
2806.88,8.65E-05
2807.85,1.05E-04
2808.81,9.64E-05
2809.78,6.94E-05
2810.74,3.53E-05
2811.7,4.49E-06
2812.67,-1.62E-05
2813.63,-2.37E-05
2814.6,-1.78E-05
2815.56,-1.49E-06
2816.53,1.92E-05
2817.49,3.65E-05
2818.45,4.34E-05
2819.42,3.73E-05
2820.38,1.95E-05
2821.35,-6.14E-06
2822.31,-3.70E-05
2823.28,-7.06E-05
2824.24,-1.02E-04
2825.2,-1.23E-04
2826.17,-1.23E-04
2827.13,-9.54E-05
2828.1,-4.86E-05
2829.06,-1.19E-06
2830.03,2.65E-05
2830.99,2.52E-05
2831.95,3.39E-06
2832.92,-1.88E-05
2833.88,-2.37E-05
2834.85,-9.31E-06
2835.81,1.05E-05
2836.77,1.68E-05
2837.74,9.69E-07
2838.7,-2.77E-05
2839.67,-4.75E-05
2840.63,-3.85E-05
2841.6,4.05E-06
2842.56,6.61E-05
2843.52,1.23E-04
2844.49,1.53E-04
2845.45,1.46E-04
2846.42,1.11E-04
2847.38,6.28E-05
2848.35,2.34E-05
2849.31,7.58E-06
2850.27,2.10E-05
2851.24,5.92E-05
2852.2,1.11E-04
2853.17,1.62E-04
2854.13,2.05E-04
2855.1,2.34E-04
2856.06,2.57E-04
2857.02,2.83E-04
2857.99,3.20E-04
2858.95,3.70E-04
2859.92,4.24E-04
2860.88,4.66E-04
2861.85,4.77E-04
2862.81,4.44E-04
2863.77,3.70E-04
2864.74,2.68E-04
2865.7,1.63E-04
2866.67,8.18E-05
2867.63,4.07E-05
2868.59,4.11E-05
2869.56,6.86E-05
2870.52,9.92E-05
2871.49,1.11E-04
2872.45,9.67E-05
2873.42,6.51E-05
2874.38,3.93E-05
2875.34,4.26E-05
2876.31,8.51E-05
2877.27,1.58E-04
2878.24,2.38E-04
2879.2,2.97E-04
2880.17,3.17E-04
2881.13,2.93E-04
2882.09,2.32E-04
2883.06,1.52E-04
2884.02,7.38E-05
2884.99,2.02E-05
2885.95,7.66E-06
2886.92,3.88E-05
2887.88,9.90E-05
2888.84,1.60E-04
2889.81,1.91E-04
2890.77,1.77E-04
2891.74,1.26E-04
2892.7,6.27E-05
2893.66,1.44E-05
2894.63,-4.03E-06
2895.59,4.15E-06
2896.56,2.37E-05
2897.52,4.00E-05
2898.49,4.82E-05
2899.45,5.45E-05
2900.41,6.96E-05
2901.38,1.01E-04
2902.34,1.48E-04
2903.31,2.03E-04
2904.27,2.54E-04
2905.24,2.88E-04
2906.2,2.95E-04
2907.16,2.74E-04
2908.13,2.33E-04
2909.09,1.92E-04
2910.06,1.73E-04
2911.02,1.94E-04
2911.99,2.61E-04
2912.95,3.61E-04
2913.91,4.65E-04
2914.88,5.43E-04
2915.84,5.68E-04
2916.81,5.36E-04
2917.77,4.58E-04
2918.73,3.65E-04
2919.7,2.86E-04
2920.66,2.47E-04
2921.63,2.52E-04
2922.59,2.92E-04
2923.56,3.41E-04
2924.52,3.73E-04
2925.48,3.68E-04
2926.45,3.18E-04
2927.41,2.34E-04
2928.38,1.36E-04
2929.34,4.60E-05
2930.31,-1.66E-05
2931.27,-4.50E-05
2932.23,-4.08E-05
2933.2,-1.11E-05
2934.16,3.63E-05
2935.13,9.41E-05
2936.09,1.55E-04
2937.06,2.10E-04
2938.02,2.50E-04
2938.98,2.70E-04
2939.95,2.70E-04
2940.91,2.51E-04
2941.88,2.20E-04
2942.84,1.86E-04
2943.8,1.61E-04
2944.77,1.58E-04
2945.73,1.85E-04
2946.7,2.38E-04
2947.66,2.96E-04
2948.63,3.34E-04
2949.59,3.31E-04
2950.55,2.89E-04
2951.52,2.26E-04
2952.48,1.69E-04
2953.45,1.31E-04
2954.41,1.05E-04
2955.38,7.60E-05
2956.34,3.34E-05
2957.3,-1.16E-05
2958.27,-3.31E-05
2959.23,-8.41E-06
2960.2,6.31E-05
2961.16,1.57E-04
2962.13,2.34E-04
2963.09,2.67E-04
2964.05,2.50E-04
2965.02,1.96E-04
2965.98,1.30E-04
2966.95,7.21E-05
2967.91,2.67E-05
2968.87,-1.01E-05
2969.84,-4.69E-05
2970.8,-8.89E-05
2971.77,-1.34E-04
2972.73,-1.74E-04
2973.7,-2.00E-04
2974.66,-2.06E-04
2975.62,-1.97E-04
2976.59,-1.87E-04
2977.55,-1.89E-04
2978.52,-2.10E-04
2979.48,-2.45E-04
2980.45,-2.79E-04
2981.41,-2.98E-04
2982.37,-2.97E-04
2983.34,-2.75E-04
2984.3,-2.32E-04
2985.27,-1.64E-04
2986.23,-7.19E-05
2987.2,3.53E-05
2988.16,1.31E-04
2989.12,1.82E-04
2990.09,1.66E-04
2991.05,8.76E-05
2992.02,-2.15E-05
2992.98,-1.18E-04
2993.94,-1.70E-04
2994.91,-1.76E-04
2995.87,-1.55E-04
2996.84,-1.37E-04
2997.8,-1.37E-04
2998.77,-1.54E-04
2999.73,-1.76E-04
3000.69,-1.96E-04
3001.66,-2.11E-04
3002.62,-2.26E-04
3003.59,-2.39E-04
3004.55,-2.40E-04
3005.52,-2.13E-04
3006.48,-1.53E-04
3007.44,-7.24E-05
3008.41,-7.33E-06
3009.37,1.94E-06
3010.34,-7.07E-05
3011.3,-2.20E-04
3012.27,-4.08E-04
3013.23,-5.80E-04
3014.19,-6.93E-04
3015.16,-7.33E-04
3016.12,-7.15E-04
3017.09,-6.68E-04
3018.05,-6.18E-04
3019.01,-5.79E-04
3019.98,-5.51E-04
3020.94,-5.29E-04
3021.91,-5.10E-04
3022.87,-4.91E-04
3023.84,-4.71E-04
3024.8,-4.47E-04
3025.76,-4.21E-04
3026.73,-4.02E-04
3027.69,-4.00E-04
3028.66,-4.25E-04
3029.62,-4.73E-04
3030.59,-5.24E-04
3031.55,-5.43E-04
3032.51,-5.02E-04
3033.48,-3.92E-04
3034.44,-2.36E-04
3035.41,-7.58E-05
3036.37,4.02E-05
3037.34,8.43E-05
3038.3,5.98E-05
3039.26,-1.39E-06
3040.23,-5.18E-05
3041.19,-6.51E-05
3042.16,-3.98E-05
3043.12,-3.12E-06
3044.09,7.25E-06
3045.05,-3.12E-05
3046.01,-1.09E-04
3046.98,-1.90E-04
3047.94,-2.29E-04
3048.91,-2.00E-04
3049.87,-1.12E-04
3050.83,-9.68E-07
3051.8,8.79E-05
3052.76,1.27E-04
3053.73,1.17E-04
3054.69,8.19E-05
3055.66,5.29E-05
3056.62,5.42E-05
3057.58,9.04E-05
3058.55,1.47E-04
3059.51,2.02E-04
3060.48,2.34E-04
3061.44,2.34E-04
3062.41,2.04E-04
3063.37,1.58E-04
3064.33,1.19E-04
3065.3,1.10E-04
3066.26,1.45E-04
3067.23,2.23E-04
3068.19,3.28E-04
3069.16,4.35E-04
3070.12,5.16E-04
3071.08,5.50E-04
3072.05,5.25E-04
3073.01,4.38E-04
3073.98,2.96E-04
3074.94,1.20E-04
3075.9,-5.94E-05
3076.87,-2.08E-04
3077.83,-2.99E-04
3078.8,-3.20E-04
3079.76,-2.82E-04
3080.73,-2.10E-04
3081.69,-1.32E-04
3082.65,-6.24E-05
3083.62,-6.83E-06
3084.58,3.18E-05
3085.55,4.55E-05
3086.51,2.30E-05
3087.48,-4.02E-05
3088.44,-1.31E-04
3089.4,-2.17E-04
3090.37,-2.63E-04
3091.33,-2.50E-04
3092.3,-1.87E-04
3093.26,-1.10E-04
3094.23,-5.71E-05
3095.19,-4.82E-05
3096.15,-7.28E-05
3097.12,-9.90E-05
3098.08,-9.52E-05
3099.05,-5.05E-05
3100.01,2.20E-05
3100.97,9.69E-05
3101.94,1.51E-04
3102.9,1.74E-04
3103.87,1.63E-04
3104.83,1.15E-04
3105.8,2.98E-05
3106.76,-8.24E-05
3107.72,-1.95E-04
3108.69,-2.71E-04
3109.65,-2.79E-04
3110.62,-2.18E-04
3111.58,-1.19E-04
3112.55,-2.83E-05
3113.51,1.99E-05
3114.47,1.66E-05
3115.44,-2.51E-05
3116.4,-8.75E-05
3117.37,-1.62E-04
3118.33,-2.49E-04
3119.3,-3.42E-04
3120.26,-4.26E-04
3121.22,-4.74E-04
3122.19,-4.70E-04
3123.15,-4.15E-04
3124.12,-3.30E-04
3125.08,-2.37E-04
3126.04,-1.50E-04
3127.01,-7.89E-05
3127.97,-3.38E-05
3128.94,-3.14E-05
3129.9,-8.76E-05
3130.87,-2.03E-04
3131.83,-3.52E-04
3132.79,-4.91E-04
3133.76,-5.80E-04
3134.72,-5.98E-04
3135.69,-5.54E-04
3136.65,-4.73E-04
3137.62,-3.78E-04
3138.58,-2.83E-04
3139.54,-1.95E-04
3140.51,-1.23E-04
3141.47,-7.95E-05
3142.44,-7.89E-05
3143.4,-1.30E-04
3144.37,-2.28E-04
3145.33,-3.56E-04
3146.29,-4.85E-04
3147.26,-5.86E-04
3148.22,-6.36E-04
3149.19,-6.31E-04
3150.15,-5.87E-04
3151.12,-5.37E-04
3152.08,-5.15E-04
3153.04,-5.36E-04
3154.01,-5.84E-04
3154.97,-6.16E-04
3155.94,-5.90E-04
3156.9,-4.91E-04
3157.86,-3.41E-04
3158.83,-1.91E-04
3159.79,-8.76E-05
3160.76,-4.92E-05
3161.72,-6.03E-05
3162.69,-8.69E-05
3163.65,-1.01E-04
3164.61,-9.63E-05
3165.58,-8.31E-05
3166.54,-7.66E-05
3167.51,-8.34E-05
3168.47,-9.93E-05
3169.44,-1.16E-04
3170.4,-1.28E-04
3171.36,-1.33E-04
3172.33,-1.27E-04
3173.29,-1.03E-04
3174.26,-5.56E-05
3175.22,1.52E-05
3176.19,9.49E-05
3177.15,1.58E-04
3178.11,1.79E-04
3179.08,1.46E-04
3180.04,7.38E-05
3181.01,-5.93E-06
3181.97,-5.68E-05
3182.93,-5.47E-05
3183.9,-2.74E-06
3184.86,7.03E-05
3185.83,1.24E-04
3186.79,1.29E-04
3187.76,8.36E-05
3188.72,1.11E-05
3189.68,-5.75E-05
3190.65,-1.02E-04
3191.61,-1.19E-04
3192.58,-1.17E-04
3193.54,-1.02E-04
3194.51,-7.81E-05
3195.47,-5.06E-05
3196.43,-3.89E-05
3197.4,-7.06E-05
3198.36,-1.61E-04
3199.33,-2.93E-04
3200.29,-4.13E-04
3201.26,-4.62E-04
3202.22,-4.05E-04
3203.18,-2.59E-04
3204.15,-8.20E-05
3205.11,5.79E-05
3206.08,1.15E-04
3207.04,8.41E-05
3208,-7.36E-06
3208.97,-1.16E-04
3209.93,-2.03E-04
3210.9,-2.44E-04
3211.86,-2.33E-04
3212.83,-1.83E-04
3213.79,-1.18E-04
3214.75,-7.22E-05
3215.72,-7.06E-05
3216.68,-1.18E-04
3217.65,-1.98E-04
3218.61,-2.76E-04
3219.58,-3.26E-04
3220.54,-3.39E-04
3221.5,-3.30E-04
3222.47,-3.22E-04
3223.43,-3.31E-04
3224.4,-3.58E-04
3225.36,-3.93E-04
3226.33,-4.20E-04
3227.29,-4.30E-04
3228.25,-4.28E-04
3229.22,-4.23E-04
3230.18,-4.26E-04
3231.15,-4.37E-04
3232.11,-4.45E-04
3233.07,-4.41E-04
3234.04,-4.24E-04
3235,-4.09E-04
3235.97,-4.18E-04
3236.93,-4.64E-04
3237.9,-5.35E-04
3238.86,-5.93E-04
3239.82,-5.97E-04
3240.79,-5.26E-04
3241.75,-3.98E-04
3242.72,-2.62E-04
3243.68,-1.70E-04
3244.65,-1.49E-04
3245.61,-1.86E-04
3246.57,-2.46E-04
3247.54,-2.93E-04
3248.5,-3.19E-04
3249.47,-3.36E-04
3250.43,-3.61E-04
3251.4,-3.96E-04
3252.36,-4.22E-04
3253.32,-4.18E-04
3254.29,-3.74E-04
3255.25,-3.02E-04
3256.22,-2.27E-04
3257.18,-1.73E-04
3258.14,-1.49E-04
3259.11,-1.50E-04
3260.07,-1.69E-04
3261.04,-2.07E-04
3262,-2.71E-04
3262.97,-3.61E-04
3263.93,-4.64E-04
3264.89,-5.50E-04
3265.86,-5.88E-04
3266.82,-5.64E-04
3267.79,-4.91E-04
3268.75,-4.09E-04
3269.72,-3.65E-04
3270.68,-3.91E-04
3271.64,-4.91E-04
3272.61,-6.36E-04
3273.57,-7.80E-04
3274.54,-8.76E-04
3275.5,-9.00E-04
3276.47,-8.50E-04
3277.43,-7.48E-04
3278.39,-6.26E-04
3279.36,-5.12E-04
3280.32,-4.23E-04
3281.29,-3.67E-04
3282.25,-3.39E-04
3283.21,-3.30E-04
3284.18,-3.29E-04
3285.14,-3.31E-04
3286.11,-3.35E-04
3287.07,-3.39E-04
3288.04,-3.38E-04
3289,-3.22E-04
3289.96,-2.86E-04
3290.93,-2.34E-04
3291.89,-1.80E-04
3292.86,-1.46E-04
3293.82,-1.44E-04
3294.79,-1.71E-04
3295.75,-2.06E-04
3296.71,-2.19E-04
3297.68,-1.93E-04
3298.64,-1.27E-04
3299.61,-4.94E-05
3300.57,8.07E-07
3301.54,-9.20E-06
3302.5,-8.92E-05
3303.46,-2.17E-04
3304.43,-3.50E-04
3305.39,-4.45E-04
3306.36,-4.81E-04
3307.32,-4.65E-04
3308.28,-4.29E-04
3309.25,-4.03E-04
3310.21,-4.05E-04
3311.18,-4.31E-04
3312.14,-4.69E-04
3313.11,-5.10E-04
3314.07,-5.45E-04
3315.03,-5.63E-04
3316,-5.38E-04
3316.96,-4.42E-04
3317.93,-2.67E-04
3318.89,-4.20E-05
3319.86,1.65E-04
3320.82,2.77E-04
3321.78,2.48E-04
3322.75,9.34E-05
3323.71,-1.18E-04
3324.68,-2.96E-04
3325.64,-3.78E-04
3326.61,-3.59E-04
3327.57,-2.82E-04
3328.53,-2.09E-04
3329.5,-1.77E-04
3330.46,-1.87E-04
3331.43,-2.16E-04
3332.39,-2.46E-04
3333.36,-2.76E-04
3334.32,-3.22E-04
3335.28,-3.92E-04
3336.25,-4.70E-04
3337.21,-5.21E-04
3338.18,-5.12E-04
3339.14,-4.39E-04
3340.1,-3.37E-04
3341.07,-2.57E-04
3342.03,-2.37E-04
3343,-2.85E-04
3343.96,-3.70E-04
3344.93,-4.47E-04
3345.89,-4.71E-04
3346.85,-4.23E-04
3347.82,-3.09E-04
3348.78,-1.64E-04
3349.75,-3.30E-05
3350.71,3.62E-05
3351.68,1.73E-05
3352.64,-8.22E-05
3353.6,-2.20E-04
3354.57,-3.37E-04
3355.53,-3.84E-04
3356.5,-3.44E-04
3357.46,-2.40E-04
3358.43,-1.11E-04
3359.39,8.18E-07
3360.35,7.08E-05
3361.32,8.66E-05
3362.28,4.22E-05
3363.25,-6.47E-05
3364.21,-2.28E-04
3365.17,-4.22E-04
3366.14,-6.05E-04
3367.1,-7.25E-04
3368.07,-7.43E-04
3369.03,-6.50E-04
3370,-4.70E-04
3370.96,-2.57E-04
3371.92,-7.50E-05
3372.89,2.22E-05
3373.85,9.77E-06
3374.82,-9.64E-05
3375.78,-2.46E-04
3376.75,-3.77E-04
3377.71,-4.51E-04
3378.67,-4.70E-04
3379.64,-4.76E-04
3380.6,-5.08E-04
3381.57,-5.74E-04
3382.53,-6.33E-04
3383.5,-6.24E-04
3384.46,-5.16E-04
3385.42,-3.45E-04
3386.39,-1.98E-04
3387.35,-1.61E-04
3388.32,-2.57E-04
3389.28,-4.35E-04
3390.24,-6.03E-04
3391.21,-6.78E-04
3392.17,-6.41E-04
3393.14,-5.40E-04
3394.1,-4.52E-04
3395.07,-4.21E-04
3396.03,-4.37E-04
3396.99,-4.49E-04
3397.96,-4.13E-04
3398.92,-3.17E-04
3399.89,-1.93E-04
3400.85,-8.82E-05
3401.82,-4.11E-05
3402.78,-6.27E-05
3403.74,-1.42E-04
3404.71,-2.55E-04
3405.67,-3.81E-04
3406.64,-4.98E-04
3407.6,-5.84E-04
3408.57,-6.19E-04
3409.53,-5.88E-04
3410.49,-4.89E-04
3411.46,-3.45E-04
3412.42,-1.94E-04
3413.39,-8.21E-05
3414.35,-4.56E-05
3415.31,-9.23E-05
3416.28,-1.97E-04
3417.24,-3.12E-04
3418.21,-3.83E-04
3419.17,-3.73E-04
3420.14,-2.79E-04
3421.1,-1.42E-04
3422.06,-2.74E-05
3423.03,7.83E-06
3423.99,-5.38E-05
3424.96,-1.81E-04
3425.92,-3.19E-04
3426.89,-4.16E-04
3427.85,-4.41E-04
3428.81,-4.01E-04
3429.78,-3.35E-04
3430.74,-2.87E-04
3431.71,-2.75E-04
3432.67,-2.86E-04
3433.64,-2.81E-04
3434.6,-2.30E-04
3435.56,-1.36E-04
3436.53,-3.46E-05
3437.49,2.65E-05
3438.46,1.60E-05
3439.42,-6.50E-05
3440.39,-1.88E-04
3441.35,-3.16E-04
3442.31,-4.20E-04
3443.28,-4.87E-04
3444.24,-5.10E-04
3445.21,-4.88E-04
3446.17,-4.25E-04
3447.13,-3.41E-04
3448.1,-2.67E-04
3449.06,-2.28E-04
3450.03,-2.22E-04
3450.99,-2.28E-04
3451.96,-2.23E-04
3452.92,-2.03E-04
3453.88,-1.88E-04
3454.85,-2.14E-04
3455.81,-3.01E-04
3456.78,-4.40E-04
3457.74,-5.93E-04
3458.71,-7.12E-04
3459.67,-7.66E-04
3460.63,-7.43E-04
3461.6,-6.51E-04
3462.56,-5.09E-04
3463.53,-3.37E-04
3464.49,-1.61E-04
3465.46,-1.31E-05
3466.42,6.79E-05
3467.38,5.42E-05
3468.35,-5.52E-05
3469.31,-2.27E-04
3470.28,-4.06E-04
3471.24,-5.39E-04
3472.2,-5.98E-04
3473.17,-5.82E-04
3474.13,-5.18E-04
3475.1,-4.36E-04
3476.06,-3.58E-04
3477.03,-2.90E-04
3477.99,-2.26E-04
3478.95,-1.58E-04
3479.92,-8.56E-05
3480.88,-1.75E-05
3481.85,3.74E-05
3482.81,7.83E-05
3483.78,1.14E-04
3484.74,1.57E-04
3485.7,2.09E-04
3486.67,2.63E-04
3487.63,3.01E-04
3488.6,3.01E-04
3489.56,2.51E-04
3490.53,1.52E-04
3491.49,2.56E-05
3492.45,-9.63E-05
3493.42,-1.73E-04
3494.38,-1.72E-04
3495.35,-9.12E-05
3496.31,2.54E-05
3497.27,1.03E-04
3498.24,8.09E-05
3499.2,-4.40E-05
3500.17,-2.15E-04
3501.13,-3.38E-04
3502.1,-3.36E-04
3503.06,-2.10E-04
3504.02,-5.65E-05
3504.99,6.02E-06
3505.95,-6.41E-05
3506.92,-2.08E-04
3507.88,-3.14E-04
3508.85,-2.89E-04
3509.81,-1.20E-04
3510.77,1.01E-04
3511.74,2.31E-04
3512.7,1.74E-04
3513.67,-5.57E-05
3514.63,-3.66E-04
3515.6,-6.41E-04
3516.56,-7.99E-04
3517.52,-8.26E-04
3518.49,-7.68E-04
3519.45,-6.95E-04
3520.42,-6.53E-04
3521.38,-6.50E-04
3522.34,-6.65E-04
3523.31,-6.67E-04
3524.27,-6.33E-04
3525.24,-5.48E-04
3526.2,-3.99E-04
3527.17,-1.80E-04
3528.13,8.48E-05
3529.09,3.32E-04
3530.06,4.78E-04
3531.02,4.70E-04
3531.99,3.17E-04
3532.95,7.97E-05
3533.92,-1.64E-04
3534.88,-3.46E-04
3535.84,-4.33E-04
3536.81,-4.36E-04
3537.77,-4.04E-04
3538.74,-3.86E-04
3539.7,-4.08E-04
3540.67,-4.67E-04
3541.63,-5.36E-04
3542.59,-5.68E-04
3543.56,-5.03E-04
3544.52,-2.97E-04
3545.49,2.22E-05
3546.45,3.30E-04
3547.41,4.82E-04
3548.38,4.25E-04
3549.34,2.11E-04
3550.31,-4.55E-05
3551.27,-2.24E-04
3552.24,-2.56E-04
3553.2,-1.62E-04
3554.16,-4.71E-05
3555.13,-1.37E-05
3556.09,-8.61E-05
3557.06,-2.13E-04
3558.02,-3.15E-04
3558.99,-3.36E-04
3559.95,-2.83E-04
3560.91,-2.13E-04
3561.88,-1.86E-04
3562.84,-2.04E-04
3563.81,-1.91E-04
3564.77,-1.89E-05
3565.74,4.04E-04
3566.7,9.70E-04
3567.66,0.00134337
3568.63,0.00130532
3569.59,9.82E-04
3570.56,6.21E-04
3571.52,3.76E-04
3572.48,2.84E-04
3573.45,2.95E-04
3574.41,3.07E-04
3575.38,2.27E-04
3576.34,2.75E-05
3577.31,-2.32E-04
3578.27,-4.52E-04
3579.23,-5.72E-04
3580.2,-6.07E-04
3581.16,-6.32E-04
3582.13,-7.12E-04
3583.09,-8.54E-04
3584.06,-9.88E-04
3585.02,-9.90E-04
3585.98,-7.31E-04
3586.95,-2.15E-04
3587.91,2.96E-04
3588.88,4.71E-04
3589.84,2.57E-04
3590.81,-1.63E-04
3591.77,-5.78E-04
3592.73,-8.34E-04
3593.7,-8.40E-04
3594.66,-5.94E-04
3595.63,-2.07E-04
3596.59,1.68E-04
3597.55,4.46E-04
3598.52,6.36E-04
3599.48,7.66E-04
3600.45,8.21E-04
3601.41,7.46E-04
3602.38,5.18E-04
3603.34,1.85E-04
3604.3,-1.65E-04
3605.27,-4.40E-04
3606.23,-5.77E-04
3607.2,-5.58E-04
3608.16,-4.38E-04
3609.13,-3.10E-04
3610.09,-2.35E-04
3611.05,-2.07E-04
3612.02,-2.05E-04
3612.98,-2.42E-04
3613.95,-3.64E-04
3614.91,-5.88E-04
3615.88,-8.51E-04
3616.84,-0.00101462
3617.8,-9.22E-04
3618.77,-5.19E-04
3619.73,2.38E-05
3620.7,3.88E-04
3621.66,3.82E-04
3622.63,5.46E-05
3623.59,-4.47E-04
3624.55,-9.88E-04
3625.52,-0.00145477
3626.48,-0.00170897
3627.45,-0.00155994
3628.41,-8.93E-04
3629.37,1.80E-05
3630.34,6.23E-04
3631.3,7.33E-04
3632.27,5.42E-04
3633.23,2.62E-04
3634.2,4.45E-06
3635.16,-2.00E-04
3636.12,-3.54E-04
3637.09,-4.66E-04
3638.05,-5.29E-04
3639.02,-5.38E-04
3639.98,-5.07E-04
3640.95,-4.85E-04
3641.91,-5.34E-04
3642.87,-6.93E-04
3643.84,-9.49E-04
3644.8,-0.00123058
3645.77,-0.0014106
3646.73,-0.00128497
3647.7,-5.61E-04
3648.66,8.43E-04
3649.62,0.00208905
3650.59,0.00224472
3651.55,0.00167927
3652.52,0.00102327
3653.48,5.38E-04
3654.44,2.93E-04
3655.41,2.85E-04
3656.37,4.44E-04
3657.34,6.21E-04
3658.3,6.72E-04
3659.27,5.51E-04
3660.23,3.06E-04
3661.19,-2.93E-06
3662.16,-3.47E-04
3663.12,-7.29E-04
3664.09,-0.00115694
3665.05,-0.0016029
3666.02,-0.00198411
3666.98,-0.00215078
3667.94,-0.00190229
3668.91,-0.00110923
3669.87,9.68E-07
3670.84,7.90E-04
3671.8,8.20E-04
3672.77,2.74E-04
3673.73,-3.52E-04
3674.69,-5.54E-04
3675.66,-4.03E-05
3676.62,8.90E-04
3677.59,0.00149553
3678.55,0.00143216
3679.51,9.03E-04
3680.48,2.12E-04
3681.44,-4.52E-04
3682.41,-0.00100992
3683.37,-0.00146051
3684.34,-0.0018365
3685.3,-0.00216445
3686.26,-0.00242049
3687.23,-0.00248127
3688.19,-0.0021
3689.16,-0.00107385
3690.12,2.95E-04
3691.09,0.00127221
3692.05,0.00155333
3693.01,0.00135585
3693.98,9.52E-04
3694.94,4.96E-04
3695.91,5.24E-05
3696.87,-3.59E-04
3697.84,-7.21E-04
3698.8,-9.98E-04
3699.76,-0.00112899
3700.73,-0.00105198
3701.69,-7.76E-04
3702.66,-4.31E-04
3703.62,-2.11E-04
3704.59,-2.32E-04
3705.55,-4.86E-04
3706.51,-8.96E-04
3707.48,-0.00136145
3708.44,-0.00175152
3709.41,-0.00186353
3710.37,-0.00145365
3711.33,-5.38E-04
3712.3,3.63E-04
3713.26,7.77E-04
3714.23,7.08E-04
3715.19,3.60E-04
3716.16,-9.60E-05
3717.12,-5.48E-04
3718.08,-9.15E-04
3719.05,-0.00113391
3720.01,-0.00117039
3720.98,-0.00103452
3721.94,-7.76E-04
3722.91,-4.63E-04
3723.87,-1.65E-04
3724.83,3.84E-05
3725.8,6.86E-05
3726.76,-1.05E-04
3727.73,-4.43E-04
3728.69,-8.64E-04
3729.66,-0.00128592
3730.62,-0.00163664
3731.58,-0.00183661
3732.55,-0.00177312
3733.51,-0.00130903
3734.48,-4.35E-04
3735.44,4.68E-04
3736.4,8.40E-04
3737.37,5.59E-04
3738.33,-9.91E-05
3739.3,-8.40E-04
3740.26,-0.00146194
3741.23,-0.00180702
3742.19,-0.00171825
3743.15,-0.00108468
3744.12,-2.02E-05
3745.08,9.89E-04
3746.05,0.00139312
3747.01,0.00109591
3747.98,4.34E-04
3748.94,-1.36E-04
3749.9,-1.88E-04
3750.87,4.11E-04
3751.83,0.00115653
3752.8,0.00141902
3753.76,0.00115912
3754.73,6.47E-04
3755.69,1.11E-04
3756.65,-2.91E-04
3757.62,-4.49E-04
3758.58,-3.34E-04
3759.55,-6.72E-05
3760.51,1.41E-04
3761.47,1.54E-04
3762.44,-2.99E-05
3763.4,-3.35E-04
3764.37,-6.66E-04
3765.33,-9.23E-04
3766.3,-0.00101453
3767.26,-8.71E-04
3768.22,-4.80E-04
3769.19,7.53E-05
3770.15,6.13E-04
3771.12,9.25E-04
3772.08,9.05E-04
3773.05,5.97E-04
3774.01,1.31E-04
3774.97,-3.53E-04
3775.94,-7.30E-04
3776.9,-8.98E-04
3777.87,-8.02E-04
3778.83,-4.92E-04
3779.8,-1.41E-04
3780.76,7.41E-05
3781.72,1.13E-04
3782.69,5.00E-05
3783.65,-2.17E-05
3784.62,-5.64E-05
3785.58,-6.93E-05
3786.54,-1.09E-04
3787.51,-2.09E-04
3788.47,-3.66E-04
3789.44,-5.48E-04
3790.4,-7.23E-04
3791.37,-8.63E-04
3792.33,-9.49E-04
3793.29,-9.71E-04
3794.26,-9.34E-04
3795.22,-8.77E-04
3796.19,-8.64E-04
3797.15,-9.43E-04
3798.12,-0.0010837
3799.08,-0.00114656
3800.04,-9.41E-04
3801.01,-3.92E-04
3801.97,2.95E-04
3802.94,7.59E-04
3803.9,8.39E-04
3804.87,6.69E-04
3805.83,4.84E-04
3806.79,4.45E-04
3807.76,5.30E-04
3808.72,5.64E-04
3809.69,4.01E-04
3810.65,3.44E-05
3811.61,-4.50E-04
3812.58,-9.46E-04
3813.54,-0.00135816
3814.51,-0.0016219
3815.47,-0.00173552
3816.44,-0.00177679
3817.4,-0.00181893
3818.36,-0.00180209
3819.33,-0.00153207
3820.29,-8.60E-04
3821.26,6.03E-05
3822.22,7.84E-04
3823.19,9.86E-04
3824.15,7.05E-04
3825.11,1.59E-04
3826.08,-4.40E-04
3827.04,-9.39E-04
3828.01,-0.00125462
3828.97,-0.0013644
3829.94,-0.00130515
3830.9,-0.00114943
3831.86,-9.80E-04
3832.83,-8.63E-04
3833.79,-8.17E-04
3834.76,-7.88E-04
3835.72,-6.51E-04
3836.68,-2.80E-04
3837.65,3.24E-04
3838.61,9.09E-04
3839.58,0.00111372
3840.54,8.49E-04
3841.51,3.71E-04
3842.47,-1.09E-05
3843.43,-1.56E-04
3844.4,-1.15E-04
3845.36,-4.49E-05
3846.33,-8.80E-05
3847.29,-3.03E-04
3848.26,-6.56E-04
3849.22,-0.00104825
3850.18,-0.00131837
3851.15,-0.00121862
3852.11,-4.31E-04
3853.08,0.00107549
3854.04,0.00241983
3855.01,0.00266368
3855.97,0.00207808
3856.93,0.001259
3857.9,4.70E-04
3858.86,-2.32E-04
3859.83,-8.37E-04
3860.79,-0.00130478
3861.75,-0.00154923
3862.72,-0.00147816
3863.68,-0.00111426
3864.65,-6.73E-04
3865.61,-4.08E-04
3866.58,-4.00E-04
3867.54,-5.58E-04
3868.5,-7.23E-04
3869.47,-7.39E-04
3870.43,-5.08E-04
3871.4,-6.85E-05
3872.36,3.91E-04
3873.33,6.61E-04
3874.29,6.58E-04
3875.25,4.23E-04
3876.22,5.43E-05
3877.18,-3.42E-04
3878.15,-6.72E-04
3879.11,-8.65E-04
3880.08,-8.94E-04
3881.04,-7.90E-04
3882,-6.17E-04
3882.97,-4.11E-04
3883.93,-1.81E-04
3884.9,3.23E-05
3885.86,1.19E-04
3886.83,-2.24E-05
3887.79,-3.83E-04
3888.75,-8.24E-04
3889.72,-0.00113749
3890.68,-0.00112499
3891.65,-7.43E-04
3892.61,-2.31E-04
3893.57,4.38E-05
3894.54,-7.51E-05
3895.5,-4.73E-04
3896.47,-9.39E-04
3897.43,-0.00128997
3898.4,-0.00140577
3899.36,-0.00126009
3900.32,-9.33E-04
3901.29,-5.45E-04
3902.25,-1.54E-04
3903.22,2.43E-04
3904.18,5.93E-04
3905.15,7.68E-04
3906.11,6.99E-04
3907.07,4.48E-04
3908.04,1.45E-04
3909,-1.01E-04
3909.97,-2.34E-04
3910.93,-2.58E-04
3911.9,-2.25E-04
3912.86,-1.97E-04
3913.82,-2.14E-04
3914.79,-2.62E-04
3915.75,-2.93E-04
3916.72,-2.59E-04
3917.68,-1.68E-04
3918.64,-8.28E-05
3919.61,-6.44E-05
3920.57,-1.09E-04
3921.54,-1.55E-04
3922.5,-1.31E-04
3923.47,-1.11E-05
3924.43,1.46E-04
3925.39,2.21E-04
3926.36,1.28E-04
3927.32,-1.20E-04
3928.29,-4.24E-04
3929.25,-6.52E-04
3930.22,-6.90E-04
3931.18,-4.97E-04
3932.14,-1.55E-04
3933.11,1.62E-04
3934.07,3.13E-04
3935.04,2.68E-04
3936,8.71E-05
3936.97,-1.47E-04
3937.93,-3.63E-04
3938.89,-5.11E-04
3939.86,-5.64E-04
3940.82,-5.22E-04
3941.79,-4.15E-04
3942.75,-2.96E-04
3943.71,-2.15E-04
3944.68,-1.89E-04
3945.64,-1.95E-04
3946.61,-1.99E-04
3947.57,-1.79E-04
3948.54,-1.45E-04
3949.5,-1.27E-04
3950.46,-1.56E-04
3951.43,-2.32E-04
3952.39,-3.29E-04
3953.36,-4.13E-04
3954.32,-4.65E-04
3955.29,-4.83E-04
3956.25,-4.82E-04
3957.21,-4.80E-04
3958.18,-4.96E-04
3959.14,-5.40E-04
3960.11,-6.13E-04
3961.07,-7.02E-04
3962.04,-7.80E-04
3963,-8.10E-04
3963.96,-7.67E-04
3964.93,-6.49E-04
3965.89,-4.84E-04
3966.86,-3.19E-04
3967.82,-2.01E-04
3968.78,-1.54E-04
3969.75,-1.70E-04
3970.71,-2.11E-04
3971.68,-2.31E-04
3972.64,-2.03E-04
3973.61,-1.31E-04
3974.57,-4.27E-05
3975.53,2.71E-05
3976.5,5.76E-05
3977.46,4.81E-05
3978.43,9.08E-06
3979.39,-5.05E-05
3980.36,-1.29E-04
3981.32,-2.29E-04
3982.28,-3.45E-04
3983.25,-4.59E-04
3984.21,-5.45E-04
3985.18,-5.79E-04
3986.14,-5.49E-04
3987.11,-4.62E-04
3988.07,-3.31E-04
3989.03,-1.80E-04
3990,-3.34E-05
3990.96,8.39E-05
3991.93,1.49E-04
3992.89,1.49E-04
3993.86,7.98E-05
3994.82,-4.75E-05
3995.78,-2.10E-04
3996.75,-3.78E-04
3997.71,-5.17E-04
3998.68,-5.94E-04
3999.64,-5.84E-04
4000.6,-4.83E-04
